Mean_Acc,Acc_SD,Acc_95CI,Mean_Sens,Sens_95CI,Mean_Spec,Spec_95CI,Mean_F1,F1_95CI,Mean_AUC,AUC_95CI,Dataset,Side,Model,Test_N,Pos_N,Neg_N
94.81%,+/-2.94%,"[89.29%, 100.00%]",95.17%,"[84.21%, 100.00%]",94.63%,"[85.71%, 100.00%]",94.32%,"[87.33%, 100.00%]",0.9426,"[0.8531, 1.0000]",Ds005602,Left,SVM,56,20,36
94.68%,+/-2.96%,"[87.50%, 100.00%]",94.88%,"[83.33%, 100.00%]",94.56%,"[86.11%, 100.00%]",94.14%,"[87.00%, 100.00%]",0.9560,"[0.8694, 1.0000]",Ds005602,Left,MLP,56,20,36
94.66%,+/-3.00%,"[89.24%, 100.00%]",95.04%,"[83.33%, 100.00%]",94.46%,"[86.48%, 100.00%]",94.12%,"[87.12%, 100.00%]",0.9503,"[0.8611, 1.0000]",Ds005602,Left,ResNet (Standard),56,20,36
92.84%,+/-3.44%,"[85.71%, 98.21%]",95.04%,"[83.33%, 100.00%]",91.60%,"[81.08%, 100.00%]",92.24%,"[84.44%, 98.19%]",0.9531,"[0.8670, 1.0000]",Ds005602,Left,ResNet (AutoEncoder),56,20,36
94.63%,+/-2.96%,"[89.29%, 100.00%]",94.82%,"[83.32%, 100.00%]",94.51%,"[86.66%, 100.00%]",94.08%,"[86.87%, 100.00%]",0.9488,"[0.8547, 1.0000]",Ds005602,Left,MobileNet,56,20,36
94.65%,+/-3.06%,"[87.50%, 100.00%]",95.03%,"[83.33%, 100.00%]",94.43%,"[85.29%, 100.00%]",94.14%,"[86.87%, 100.00%]",0.9541,"[0.8677, 1.0000]",Ds005602,Left,SqueezeNet,56,20,36
91.25%,+/-3.88%,"[83.93%, 98.21%]",80.28%,"[61.11%, 95.46%]",97.41%,"[90.91%, 100.00%]",89.94%,"[80.67%, 97.92%]",0.9624,"[0.8906, 1.0000]",Ds005602,Left,PointNet,56,20,36
87.84%,+/-4.35%,"[78.95%, 96.49%]",70.86%,"[46.65%, 92.32%]",95.02%,"[87.50%, 100.00%]",84.24%,"[73.19%, 94.15%]",0.9752,"[0.9360, 0.9979]",Ds005602,Right,SVM,57,17,40
87.76%,+/-4.20%,"[78.95%, 94.74%]",70.52%,"[49.93%, 91.67%]",95.07%,"[87.80%, 100.00%]",84.17%,"[73.30%, 93.60%]",0.9308,"[0.8255, 0.9944]",Ds005602,Right,MLP,57,17,40
91.07%,+/-3.74%,"[82.46%, 98.25%]",81.92%,"[60.00%, 100.00%]",94.94%,"[87.80%, 100.00%]",88.91%,"[79.19%, 97.69%]",0.9532,"[0.8904, 0.9967]",Ds005602,Right,ResNet (Standard),57,17,40
91.16%,+/-3.79%,"[84.17%, 98.25%]",87.92%,"[69.23%, 100.00%]",92.52%,"[83.32%, 100.00%]",89.39%,"[79.19%, 97.78%]",0.9457,"[0.8662, 0.9968]",Ds005602,Right,ResNet (AutoEncoder),57,17,40
87.90%,+/-4.32%,"[78.95%, 96.49%]",76.79%,"[54.99%, 94.74%]",92.55%,"[83.78%, 100.00%]",84.92%,"[73.61%, 94.40%]",0.9514,"[0.8857, 0.9941]",Ds005602,Right,MobileNet,57,17,40
89.49%,+/-4.01%,"[80.70%, 96.49%]",82.26%,"[62.50%, 100.00%]",92.58%,"[83.78%, 100.00%]",87.17%,"[76.94%, 95.94%]",0.9637,"[0.9155, 0.9961]",Ds005602,Right,SqueezeNet,57,17,40
91.15%,+/-3.70%,"[84.17%, 98.25%]",76.03%,"[52.94%, 94.45%]",97.59%,"[91.66%, 100.00%]",88.53%,"[77.47%, 96.56%]",0.9503,"[0.8811, 0.9926]",Ds005602,Right,PointNet,57,17,40
85.04%,+/-4.45%,"[76.12%, 92.54%]",65.31%,"[45.45%, 84.21%]",95.44%,"[88.63%, 100.00%]",81.91%,"[71.26%, 91.41%]",0.9138,"[0.8339, 0.9752]",All_Augment_tain,Left,SVM,67,23,44
86.79%,+/-4.13%,"[79.10%, 94.03%]",65.40%,"[44.00%, 85.00%]",97.77%,"[92.86%, 100.00%]",83.59%,"[72.81%, 93.38%]",0.8952,"[0.7857, 0.9819]",All_Augment_tain,Left,MLP,67,23,44
86.87%,+/-4.15%,"[79.10%, 94.03%]",65.77%,"[45.00%, 85.20%]",97.81%,"[92.68%, 100.00%]",83.78%,"[73.40%, 93.07%]",0.8972,"[0.7810, 0.9803]",All_Augment_tain,Left,ResNet (Standard),67,23,44
85.10%,+/-4.57%,"[76.12%, 94.03%]",69.58%,"[48.00%, 88.24%]",93.16%,"[84.44%, 100.00%]",82.37%,"[71.26%, 91.96%]",0.8931,"[0.7722, 0.9809]",All_Augment_tain,Left,ResNet (AutoEncoder),67,23,44
84.84%,+/-4.44%,"[76.12%, 92.54%]",64.88%,"[45.00%, 84.21%]",95.39%,"[88.10%, 100.00%]",81.66%,"[70.13%, 91.64%]",0.8997,"[0.7771, 0.9847]",All_Augment_tain,Left,MobileNet,67,23,44
83.59%,+/-4.56%,"[74.63%, 92.54%]",65.20%,"[44.44%, 85.00%]",93.23%,"[85.42%, 100.00%]",80.37%,"[68.87%, 90.57%]",0.8747,"[0.7529, 0.9715]",All_Augment_tain,Left,SqueezeNet,67,23,44
85.11%,+/-4.42%,"[76.12%, 92.54%]",69.84%,"[50.00%, 87.50%]",93.18%,"[84.09%, 100.00%]",82.52%,"[71.48%, 91.96%]",0.8210,"[0.6811, 0.9371]",All_Augment_tain,Left,PointNet,67,23,44
85.28%,+/-4.23%,"[76.47%, 92.65%]",55.03%,"[30.77%, 77.79%]",96.02%,"[90.00%, 100.00%]",77.98%,"[64.82%, 88.68%]",0.8491,"[0.7035, 0.9616]",All_Augment_tain,Right,SVM,68,18,50
85.25%,+/-4.40%,"[76.43%, 92.65%]",60.66%,"[36.35%, 84.62%]",94.01%,"[86.04%, 100.00%]",78.99%,"[65.85%, 90.38%]",0.8508,"[0.7334, 0.9483]",All_Augment_tain,Right,MLP,68,18,50
85.54%,+/-4.40%,"[76.47%, 94.12%]",67.51%,"[46.65%, 87.51%]",92.09%,"[84.44%, 100.00%]",80.48%,"[68.52%, 91.01%]",0.8563,"[0.7294, 0.9581]",All_Augment_tain,Right,ResNet (Standard),68,18,50
85.29%,+/-4.14%,"[76.47%, 92.65%]",67.30%,"[46.15%, 87.52%]",91.83%,"[83.67%, 98.08%]",80.17%,"[68.62%, 90.38%]",0.8792,"[0.7761, 0.9581]",All_Augment_tain,Right,ResNet (AutoEncoder),68,18,50
82.43%,+/-4.68%,"[73.53%, 91.18%]",55.62%,"[33.33%, 78.97%]",91.96%,"[83.67%, 98.21%]",75.04%,"[62.73%, 86.86%]",0.8807,"[0.7853, 0.9573]",All_Augment_tain,Right,MobileNet,68,18,50
78.14%,+/-5.14%,"[67.65%, 86.76%]",56.19%,"[31.58%, 80.00%]",86.02%,"[76.08%, 94.34%]",70.96%,"[57.23%, 82.78%]",0.8518,"[0.7271, 0.9511]",All_Augment_tain,Right,SqueezeNet,68,18,50
85.28%,+/-4.24%,"[76.47%, 92.65%]",67.15%,"[46.15%, 88.89%]",91.84%,"[83.63%, 98.11%]",80.10%,"[69.44%, 90.73%]",0.8279,"[0.6755, 0.9596]",All_Augment_tain,Right,PointNet,68,18,50
63.90%,+/-14.50%,"[36.36%, 90.91%]",0.00%,"[0.00%, 0.00%]",87.89%,"[60.00%, 100.00%]",38.49%,"[26.67%, 47.62%]",0.4994,"[0.1667, 0.8571]",Ds004469,Left,SVM,11,3,8
72.75%,+/-13.40%,"[45.45%, 100.00%]",0.00%,"[0.00%, 0.00%]",100.00%,"[100.00%, 100.00%]",41.75%,"[31.25%, 50.00%]",0.4907,"[0.1250, 0.8576]",Ds004469,Left,MLP,11,3,8
55.34%,+/-15.16%,"[27.27%, 81.82%]",0.00%,"[0.00%, 0.00%]",75.68%,"[42.86%, 100.00%]",34.99%,"[21.43%, 45.00%]",0.3740,"[0.0000, 0.7500]",Ds004469,Left,ResNet (Standard),11,3,8
54.11%,+/-15.49%,"[27.27%, 81.82%]",0.00%,"[0.00%, 0.00%]",74.43%,"[39.94%, 100.00%]",34.44%,"[21.43%, 45.00%]",0.5344,"[0.1786, 0.8889]",Ds004469,Left,ResNet (AutoEncoder),11,3,8
54.94%,+/-15.04%,"[27.27%, 81.82%]",0.00%,"[0.00%, 0.00%]",75.86%,"[42.86%, 100.00%]",34.82%,"[21.43%, 45.00%]",0.4164,"[0.0000, 0.8000]",Ds004469,Left,MobileNet,11,3,8
53.63%,+/-14.91%,"[27.27%, 81.82%]",31.97%,"[0.00%, 100.00%]",61.35%,"[25.00%, 90.00%]",44.78%,"[21.43%, 77.08%]",0.5713,"[0.2222, 0.8890]",Ds004469,Left,SqueezeNet,11,3,8
54.74%,+/-15.34%,"[27.27%, 81.82%]",0.00%,"[0.00%, 0.00%]",74.43%,"[40.00%, 100.00%]",34.72%,"[21.43%, 45.00%]",0.3327,"[0.0000, 0.7778]",Ds004469,Left,PointNet,11,3,8
81.75%,+/-12.09%,"[54.55%, 100.00%]",0.00%,"[0.00%, 0.00%]",90.02%,"[66.67%, 100.00%]",44.72%,"[35.29%, 50.00%]",0.1820,"[0.0000, 0.5000]",Ds004469,Right,SVM,11,1,10
91.51%,+/-8.56%,"[72.73%, 100.00%]",0.00%,"[0.00%, 0.00%]",100.00%,"[100.00%, 100.00%]",47.67%,"[42.11%, 50.00%]",0.1930,"[0.0000, 0.5000]",Ds004469,Right,MLP,11,1,10
72.65%,+/-13.24%,"[45.45%, 100.00%]",0.00%,"[0.00%, 0.00%]",80.04%,"[50.00%, 100.00%]",41.73%,"[31.25%, 50.00%]",0.2301,"[0.0000, 0.5000]",Ds004469,Right,ResNet (Standard),11,1,10
82.02%,+/-11.63%,"[54.55%, 100.00%]",0.00%,"[0.00%, 0.00%]",90.25%,"[70.00%, 100.00%]",44.83%,"[35.29%, 50.00%]",0.5069,"[0.2000, 0.7783]",Ds004469,Right,ResNet (AutoEncoder),11,1,10
81.83%,+/-11.73%,"[54.55%, 100.00%]",0.00%,"[0.00%, 0.00%]",89.98%,"[70.00%, 100.00%]",44.76%,"[35.29%, 50.00%]",0.7603,"[0.5000, 1.0000]",Ds004469,Right,MobileNet,11,1,10
82.11%,+/-11.45%,"[54.55%, 100.00%]",0.00%,"[0.00%, 0.00%]",90.32%,"[70.00%, 100.00%]",44.86%,"[35.29%, 50.00%]",0.5060,"[0.2217, 0.8000]",Ds004469,Right,SqueezeNet,11,1,10
91.15%,+/-8.55%,"[72.73%, 100.00%]",0.00%,"[0.00%, 0.00%]",100.00%,"[100.00%, 100.00%]",47.58%,"[42.11%, 50.00%]",0.5686,"[0.3333, 0.8750]",Ds004469,Right,PointNet,11,1,10
