Metric,Dataset,Side,Model_A,Model_B,Mean_Value_A,Mean_Value_B,P-Value,Significant
Accuracy,All_Augment_tain,left,MLP,MobileNet,0.788,0.7986,4.4329443005635866e-33,Yes (p<0.01)
Accuracy,All_Augment_tain,left,MLP,ResNet+AE,0.788,0.7673,1.3510650117037053e-146,Yes (p<0.01)
Accuracy,All_Augment_tain,left,MLP,ResNet,0.788,0.8286,0.0,Yes (p<0.01)
Accuracy,All_Augment_tain,left,MLP,SVM,0.788,0.7877,0.7571290421127603,No
Accuracy,All_Augment_tain,left,MobileNet,ResNet+AE,0.7986,0.7673,3.9616361034998814e-197,Yes (p<0.01)
Accuracy,All_Augment_tain,left,MobileNet,ResNet,0.7986,0.8286,2.27605427197843e-300,Yes (p<0.01)
Accuracy,All_Augment_tain,left,MobileNet,SVM,0.7986,0.7877,2.457439470253997e-44,Yes (p<0.01)
Accuracy,All_Augment_tain,left,ResNet+AE,ResNet,0.7673,0.8286,0.0,Yes (p<0.01)
Accuracy,All_Augment_tain,left,ResNet+AE,SVM,0.7673,0.7877,1.1872933267154936e-170,Yes (p<0.01)
Accuracy,All_Augment_tain,left,ResNet,SVM,0.8286,0.7877,0.0,Yes (p<0.01)
Accuracy,All_Augment_tain,right,MLP,MobileNet,0.873,0.8922,5.095638849303026e-104,Yes (p<0.01)
Accuracy,All_Augment_tain,right,MLP,ResNet+AE,0.873,0.8534,7.636700730415161e-91,Yes (p<0.01)
Accuracy,All_Augment_tain,right,MLP,ResNet,0.873,0.8625,2.151732849978537e-34,Yes (p<0.01)
Accuracy,All_Augment_tain,right,MLP,SVM,0.873,0.8334,2.3500227619080693e-211,Yes (p<0.01)
Accuracy,All_Augment_tain,right,MobileNet,ResNet+AE,0.8922,0.8534,1.2305451958471477e-280,Yes (p<0.01)
Accuracy,All_Augment_tain,right,MobileNet,ResNet,0.8922,0.8625,1.3131460436534342e-233,Yes (p<0.01)
Accuracy,All_Augment_tain,right,MobileNet,SVM,0.8922,0.8334,0.0,Yes (p<0.01)
Accuracy,All_Augment_tain,right,ResNet+AE,ResNet,0.8534,0.8625,1.0197963297810422e-32,Yes (p<0.01)
Accuracy,All_Augment_tain,right,ResNet+AE,SVM,0.8534,0.8334,8.151125438023085e-236,Yes (p<0.01)
Accuracy,All_Augment_tain,right,ResNet,SVM,0.8625,0.8334,4.150134895955318e-215,Yes (p<0.01)
Accuracy,Ds005602,left,MLP,MobileNet,0.8092,0.7492,3.6856070873390245e-300,Yes (p<0.01)
Accuracy,Ds005602,left,MLP,ResNet+AE,0.8092,0.7263,0.0,Yes (p<0.01)
Accuracy,Ds005602,left,MLP,ResNet,0.8092,0.7861,1.0320864268290239e-75,Yes (p<0.01)
Accuracy,Ds005602,left,MLP,SVM,0.8092,0.7633,1.0257364283749922e-201,Yes (p<0.01)
Accuracy,Ds005602,left,MobileNet,ResNet+AE,0.7492,0.7263,6.854625752352983e-111,Yes (p<0.01)
Accuracy,Ds005602,left,MobileNet,ResNet,0.7492,0.7861,1.2947424828308828e-235,Yes (p<0.01)
Accuracy,Ds005602,left,MobileNet,SVM,0.7492,0.7633,3.132331558894946e-40,Yes (p<0.01)
Accuracy,Ds005602,left,ResNet+AE,ResNet,0.7263,0.7861,0.0,Yes (p<0.01)
Accuracy,Ds005602,left,ResNet+AE,SVM,0.7263,0.7633,8.482010612262647e-305,Yes (p<0.01)
Accuracy,Ds005602,left,ResNet,SVM,0.7861,0.7633,5.853254899376785e-106,Yes (p<0.01)
Accuracy,Ds005602,right,MLP,MobileNet,0.9186,0.8951,2.4068456342232397e-242,Yes (p<0.01)
Accuracy,Ds005602,right,MLP,ResNet+AE,0.9186,0.8952,1.2330467787166315e-240,Yes (p<0.01)
Accuracy,Ds005602,right,MLP,ResNet,0.9186,0.8831,1.5181898879894963e-301,Yes (p<0.01)
Accuracy,Ds005602,right,MLP,SVM,0.9186,0.9072,3.679289594017522e-152,Yes (p<0.01)
Accuracy,Ds005602,right,MobileNet,ResNet+AE,0.8951,0.8952,0.7712598115369185,No
Accuracy,Ds005602,right,MobileNet,ResNet,0.8951,0.8831,1.0343115183976696e-155,Yes (p<0.01)
Accuracy,Ds005602,right,MobileNet,SVM,0.8951,0.9072,2.3529533911146147e-155,Yes (p<0.01)
Accuracy,Ds005602,right,ResNet+AE,ResNet,0.8952,0.8831,2.6113421385095437e-155,Yes (p<0.01)
Accuracy,Ds005602,right,ResNet+AE,SVM,0.8952,0.9072,9.661700616052954e-156,Yes (p<0.01)
Accuracy,Ds005602,right,ResNet,SVM,0.8831,0.9072,1.4754481112626334e-240,Yes (p<0.01)
AUC,All_Augment_tain,left,MLP,MobileNet,0.8415,0.8501,1.6504716147558236e-38,Yes (p<0.01)
AUC,All_Augment_tain,left,MLP,ResNet+AE,0.8415,0.8242,1.413983383799806e-188,Yes (p<0.01)
AUC,All_Augment_tain,left,MLP,ResNet,0.8415,0.8336,4.773152553009696e-81,Yes (p<0.01)
AUC,All_Augment_tain,left,MLP,SVM,0.8415,0.8613,1.447443741125405e-227,Yes (p<0.01)
AUC,All_Augment_tain,left,MobileNet,ResNet+AE,0.8501,0.8242,4.568411490929064e-257,Yes (p<0.01)
AUC,All_Augment_tain,left,MobileNet,ResNet,0.8501,0.8336,1.3094178034476761e-108,Yes (p<0.01)
AUC,All_Augment_tain,left,MobileNet,SVM,0.8501,0.8613,1.452174341987912e-79,Yes (p<0.01)
AUC,All_Augment_tain,left,ResNet+AE,ResNet,0.8242,0.8336,5.075945258519805e-68,Yes (p<0.01)
AUC,All_Augment_tain,left,ResNet+AE,SVM,0.8242,0.8613,0.0,Yes (p<0.01)
AUC,All_Augment_tain,left,ResNet,SVM,0.8336,0.8613,1.740702438427914e-306,Yes (p<0.01)
AUC,All_Augment_tain,right,MLP,MobileNet,0.8545,0.8702,4.262489260591284e-61,Yes (p<0.01)
AUC,All_Augment_tain,right,MLP,ResNet+AE,0.8545,0.8434,3.8832497801673207e-53,Yes (p<0.01)
AUC,All_Augment_tain,right,MLP,ResNet,0.8545,0.8622,3.2485420550181374e-30,Yes (p<0.01)
AUC,All_Augment_tain,right,MLP,SVM,0.8545,0.8556,0.1899175965615319,No
AUC,All_Augment_tain,right,MobileNet,ResNet+AE,0.8702,0.8434,1.9971005112588264e-252,Yes (p<0.01)
AUC,All_Augment_tain,right,MobileNet,ResNet,0.8702,0.8622,1.4599964452635712e-73,Yes (p<0.01)
AUC,All_Augment_tain,right,MobileNet,SVM,0.8702,0.8556,6.068492676910278e-135,Yes (p<0.01)
AUC,All_Augment_tain,right,ResNet+AE,ResNet,0.8434,0.8622,4.888222286806795e-224,Yes (p<0.01)
AUC,All_Augment_tain,right,ResNet+AE,SVM,0.8434,0.8556,1.878223838450377e-166,Yes (p<0.01)
AUC,All_Augment_tain,right,ResNet,SVM,0.8622,0.8556,1.27738746199675e-40,Yes (p<0.01)
AUC,Ds005602,left,MLP,MobileNet,0.8292,0.8526,6.682374574063611e-118,Yes (p<0.01)
AUC,Ds005602,left,MLP,ResNet+AE,0.8292,0.8307,0.0121854520454002,Yes (p<0.05)
AUC,Ds005602,left,MLP,ResNet,0.8292,0.8541,1.821797768720089e-198,Yes (p<0.01)
AUC,Ds005602,left,MLP,SVM,0.8292,0.8492,6.503866400117678e-125,Yes (p<0.01)
AUC,Ds005602,left,MobileNet,ResNet+AE,0.8526,0.8307,1.0855313326311248e-127,Yes (p<0.01)
AUC,Ds005602,left,MobileNet,ResNet,0.8526,0.8541,0.0040988266215368,Yes (p<0.01)
AUC,Ds005602,left,MobileNet,SVM,0.8526,0.8492,4.7388485096461124e-08,Yes (p<0.01)
AUC,Ds005602,left,ResNet+AE,ResNet,0.8307,0.8541,1.5388745879983633e-221,Yes (p<0.01)
AUC,Ds005602,left,ResNet+AE,SVM,0.8307,0.8492,9.355259977152352e-155,Yes (p<0.01)
AUC,Ds005602,left,ResNet,SVM,0.8541,0.8492,4.345954885734128e-18,Yes (p<0.01)
AUC,Ds005602,right,MLP,MobileNet,0.9211,0.9098,1.886719366452512e-101,Yes (p<0.01)
AUC,Ds005602,right,MLP,ResNet+AE,0.9211,0.9175,1.608954576279129e-12,Yes (p<0.01)
AUC,Ds005602,right,MLP,ResNet,0.9211,0.9335,4.62540982879862e-106,Yes (p<0.01)
AUC,Ds005602,right,MLP,SVM,0.9211,0.9175,5.115613355530293e-35,Yes (p<0.01)
AUC,Ds005602,right,MobileNet,ResNet+AE,0.9098,0.9175,9.936914363837054e-22,Yes (p<0.01)
AUC,Ds005602,right,MobileNet,ResNet,0.9098,0.9335,1.7246550964455181e-141,Yes (p<0.01)
AUC,Ds005602,right,MobileNet,SVM,0.9098,0.9175,5.340435948388013e-50,Yes (p<0.01)
AUC,Ds005602,right,ResNet+AE,ResNet,0.9175,0.9335,5.6963440484141705e-201,Yes (p<0.01)
AUC,Ds005602,right,ResNet+AE,SVM,0.9175,0.9175,0.9341843687634812,No
AUC,Ds005602,right,ResNet,SVM,0.9335,0.9175,2.9924444419166527e-145,Yes (p<0.01)
F1_Class0,All_Augment_tain,left,MLP,MobileNet,0.8306,0.8476,3.3241669373495797e-108,Yes (p<0.01)
F1_Class0,All_Augment_tain,left,MLP,ResNet+AE,0.8306,0.8171,3.4337853426581544e-107,Yes (p<0.01)
F1_Class0,All_Augment_tain,left,MLP,ResNet,0.8306,0.8673,0.0,Yes (p<0.01)
F1_Class0,All_Augment_tain,left,MLP,SVM,0.8306,0.8359,5.186362183946504e-16,Yes (p<0.01)
F1_Class0,All_Augment_tain,left,MobileNet,ResNet+AE,0.8476,0.8171,1.0930438861751765e-251,Yes (p<0.01)
F1_Class0,All_Augment_tain,left,MobileNet,ResNet,0.8476,0.8673,3.107256728356109e-297,Yes (p<0.01)
F1_Class0,All_Augment_tain,left,MobileNet,SVM,0.8476,0.8359,1.228208757959996e-83,Yes (p<0.01)
F1_Class0,All_Augment_tain,left,ResNet+AE,ResNet,0.8171,0.8673,0.0,Yes (p<0.01)
F1_Class0,All_Augment_tain,left,ResNet+AE,SVM,0.8171,0.8359,1.4797034206428085e-167,Yes (p<0.01)
F1_Class0,All_Augment_tain,left,ResNet,SVM,0.8673,0.8359,0.0,Yes (p<0.01)
F1_Class0,All_Augment_tain,right,MLP,MobileNet,0.9147,0.9266,3.157131719970352e-86,Yes (p<0.01)
F1_Class0,All_Augment_tain,right,MLP,ResNet+AE,0.9147,0.9015,1.6063996387129457e-86,Yes (p<0.01)
F1_Class0,All_Augment_tain,right,MLP,ResNet,0.9147,0.9094,4.1372769765261874e-19,Yes (p<0.01)
F1_Class0,All_Augment_tain,right,MLP,SVM,0.9147,0.8866,2.0443707048295302e-210,Yes (p<0.01)
F1_Class0,All_Augment_tain,right,MobileNet,ResNet+AE,0.9266,0.9015,2.9255123891630025e-259,Yes (p<0.01)
F1_Class0,All_Augment_tain,right,MobileNet,ResNet,0.9266,0.9094,5.480488696655288e-203,Yes (p<0.01)
F1_Class0,All_Augment_tain,right,MobileNet,SVM,0.9266,0.8866,0.0,Yes (p<0.01)
F1_Class0,All_Augment_tain,right,ResNet+AE,ResNet,0.9015,0.9094,2.88678460698463e-46,Yes (p<0.01)
F1_Class0,All_Augment_tain,right,ResNet+AE,SVM,0.9015,0.8866,1.4774105086688092e-232,Yes (p<0.01)
F1_Class0,All_Augment_tain,right,ResNet,SVM,0.9094,0.8866,8.878992612153871e-240,Yes (p<0.01)
F1_Class0,Ds005602,left,MLP,MobileNet,0.8529,0.7972,0.0,Yes (p<0.01)
F1_Class0,Ds005602,left,MLP,ResNet+AE,0.8529,0.7699,0.0,Yes (p<0.01)
F1_Class0,Ds005602,left,MLP,ResNet,0.8529,0.8287,3.6219458463596975e-106,Yes (p<0.01)
F1_Class0,Ds005602,left,MLP,SVM,0.8529,0.8069,4.2652086952334016e-241,Yes (p<0.01)
F1_Class0,Ds005602,left,MobileNet,ResNet+AE,0.7972,0.7699,3.073080947560661e-151,Yes (p<0.01)
F1_Class0,Ds005602,left,MobileNet,ResNet,0.7972,0.8287,6.627683896232761e-215,Yes (p<0.01)
F1_Class0,Ds005602,left,MobileNet,SVM,0.7972,0.8069,9.066717711163976e-23,Yes (p<0.01)
F1_Class0,Ds005602,left,ResNet+AE,ResNet,0.7699,0.8287,0.0,Yes (p<0.01)
F1_Class0,Ds005602,left,ResNet+AE,SVM,0.7699,0.8069,1.1897159527958055e-302,Yes (p<0.01)
F1_Class0,Ds005602,left,ResNet,SVM,0.8287,0.8069,1.3412236113151313e-122,Yes (p<0.01)
F1_Class0,Ds005602,right,MLP,MobileNet,0.9419,0.9251,9.1604640668046e-239,Yes (p<0.01)
F1_Class0,Ds005602,right,MLP,ResNet+AE,0.9419,0.9239,1.353229916694178e-236,Yes (p<0.01)
F1_Class0,Ds005602,right,MLP,ResNet,0.9419,0.9158,2.664007266590369e-294,Yes (p<0.01)
F1_Class0,Ds005602,right,MLP,SVM,0.9419,0.9332,1.2760013725964655e-150,Yes (p<0.01)
F1_Class0,Ds005602,right,MobileNet,ResNet+AE,0.9251,0.9239,0.0010640777161852,Yes (p<0.01)
F1_Class0,Ds005602,right,MobileNet,ResNet,0.9251,0.9158,2.76813674616343e-154,Yes (p<0.01)
F1_Class0,Ds005602,right,MobileNet,SVM,0.9251,0.9332,5.7469700512455576e-154,Yes (p<0.01)
F1_Class0,Ds005602,right,ResNet+AE,ResNet,0.9239,0.9158,5.394463149383594e-154,Yes (p<0.01)
F1_Class0,Ds005602,right,ResNet+AE,SVM,0.9239,0.9332,2.7946002913712235e-154,Yes (p<0.01)
F1_Class0,Ds005602,right,ResNet,SVM,0.9158,0.9332,4.0386545484471804e-235,Yes (p<0.01)
F1_Class1,All_Augment_tain,left,MLP,MobileNet,0.7105,0.6959,4.767479393284745e-30,Yes (p<0.01)
F1_Class1,All_Augment_tain,left,MLP,ResNet+AE,0.7105,0.673,7.199871527894615e-196,Yes (p<0.01)
F1_Class1,All_Augment_tain,left,MLP,ResNet,0.7105,0.7521,0.0,Yes (p<0.01)
F1_Class1,All_Augment_tain,left,MLP,SVM,0.7105,0.6927,5.713389947449004e-54,Yes (p<0.01)
F1_Class1,All_Augment_tain,left,MobileNet,ResNet+AE,0.6959,0.673,9.09749242244522e-67,Yes (p<0.01)
F1_Class1,All_Augment_tain,left,MobileNet,ResNet,0.6959,0.7521,8.937172205151625e-297,Yes (p<0.01)
F1_Class1,All_Augment_tain,left,MobileNet,SVM,0.6959,0.6927,0.0075488601602969,Yes (p<0.01)
F1_Class1,All_Augment_tain,left,ResNet+AE,ResNet,0.673,0.7521,0.0,Yes (p<0.01)
F1_Class1,All_Augment_tain,left,ResNet+AE,SVM,0.673,0.6927,4.9985634804260834e-169,Yes (p<0.01)
F1_Class1,All_Augment_tain,left,ResNet,SVM,0.7521,0.6927,0.0,Yes (p<0.01)
F1_Class1,All_Augment_tain,right,MLP,MobileNet,0.7433,0.7898,4.5251436697078885e-157,Yes (p<0.01)
F1_Class1,All_Augment_tain,right,MLP,ResNet+AE,0.7433,0.7035,3.2937820385310898e-93,Yes (p<0.01)
F1_Class1,All_Augment_tain,right,MLP,ResNet,0.7433,0.7047,1.046005196379385e-105,Yes (p<0.01)
F1_Class1,All_Augment_tain,right,MLP,SVM,0.7433,0.6763,6.087569923040907e-188,Yes (p<0.01)
F1_Class1,All_Augment_tain,right,MobileNet,ResNet+AE,0.7898,0.7035,2.6380593883491e-310,Yes (p<0.01)
F1_Class1,All_Augment_tain,right,MobileNet,ResNet,0.7898,0.7047,2.0685483986849753e-293,Yes (p<0.01)
F1_Class1,All_Augment_tain,right,MobileNet,SVM,0.7898,0.6763,0.0,Yes (p<0.01)
F1_Class1,All_Augment_tain,right,ResNet+AE,ResNet,0.7035,0.7047,0.379066878180811,No
F1_Class1,All_Augment_tain,right,ResNet+AE,SVM,0.7035,0.6763,1.62269614389976e-228,Yes (p<0.01)
F1_Class1,All_Augment_tain,right,ResNet,SVM,0.7047,0.6763,1.7526656401354754e-91,Yes (p<0.01)
F1_Class1,Ds005602,left,MLP,MobileNet,0.7215,0.6637,2.231052367162948e-227,Yes (p<0.01)
F1_Class1,Ds005602,left,MLP,ResNet+AE,0.7215,0.6551,9.350742029641964e-236,Yes (p<0.01)
F1_Class1,Ds005602,left,MLP,ResNet,0.7215,0.7082,6.99218754893331e-18,Yes (p<0.01)
F1_Class1,Ds005602,left,MLP,SVM,0.7215,0.687,3.622286221793056e-92,Yes (p<0.01)
F1_Class1,Ds005602,left,MobileNet,ResNet+AE,0.6637,0.6551,3.223136926500139e-19,Yes (p<0.01)
F1_Class1,Ds005602,left,MobileNet,ResNet,0.6637,0.7082,2.264885788179115e-246,Yes (p<0.01)
F1_Class1,Ds005602,left,MobileNet,SVM,0.6637,0.687,8.571364571162535e-89,Yes (p<0.01)
F1_Class1,Ds005602,left,ResNet+AE,ResNet,0.6551,0.7082,1.1168888288284456e-241,Yes (p<0.01)
F1_Class1,Ds005602,left,ResNet+AE,SVM,0.6551,0.687,6.38715975605132e-296,Yes (p<0.01)
F1_Class1,Ds005602,left,ResNet,SVM,0.7082,0.687,5.772783056356038e-62,Yes (p<0.01)
F1_Class1,Ds005602,right,MLP,MobileNet,0.8595,0.8187,2.1557010878621834e-228,Yes (p<0.01)
F1_Class1,Ds005602,right,MLP,ResNet+AE,0.8595,0.8264,4.0059225421476175e-235,Yes (p<0.01)
F1_Class1,Ds005602,right,MLP,ResNet,0.8595,0.8023,1.0287350819529754e-287,Yes (p<0.01)
F1_Class1,Ds005602,right,MLP,SVM,0.8595,0.8429,9.854898609845108e-149,Yes (p<0.01)
F1_Class1,Ds005602,right,MobileNet,ResNet+AE,0.8187,0.8264,2.448974741236527e-16,Yes (p<0.01)
F1_Class1,Ds005602,right,MobileNet,ResNet,0.8187,0.8023,2.334131455910944e-152,Yes (p<0.01)
F1_Class1,Ds005602,right,MobileNet,SVM,0.8187,0.8429,1.3924640371283488e-149,Yes (p<0.01)
F1_Class1,Ds005602,right,ResNet+AE,ResNet,0.8264,0.8023,8.113989480799517e-150,Yes (p<0.01)
F1_Class1,Ds005602,right,ResNet+AE,SVM,0.8264,0.8429,3.138045917189602e-152,Yes (p<0.01)
F1_Class1,Ds005602,right,ResNet,SVM,0.8023,0.8429,2.730822761729389e-230,Yes (p<0.01)
Sensitivity_Class0,All_Augment_tain,left,MLP,MobileNet,0.812,0.875,0.0,Yes (p<0.01)
Sensitivity_Class0,All_Augment_tain,left,MLP,ResNet+AE,0.812,0.8123,0.6597158979587147,No
Sensitivity_Class0,All_Augment_tain,left,MLP,ResNet,0.812,0.875,0.0,Yes (p<0.01)
Sensitivity_Class0,All_Augment_tain,left,MLP,SVM,0.812,0.8442,1.7632479690816115e-168,Yes (p<0.01)
Sensitivity_Class0,All_Augment_tain,left,MobileNet,ResNet+AE,0.875,0.8123,0.0,Yes (p<0.01)
Sensitivity_Class0,All_Augment_tain,left,MobileNet,ResNet,0.875,0.875,,No
Sensitivity_Class0,All_Augment_tain,left,MobileNet,SVM,0.875,0.8442,4.2021492226300735e-239,Yes (p<0.01)
Sensitivity_Class0,All_Augment_tain,left,ResNet+AE,ResNet,0.8123,0.875,0.0,Yes (p<0.01)
Sensitivity_Class0,All_Augment_tain,left,ResNet+AE,SVM,0.8123,0.8442,1.246403709448811e-168,Yes (p<0.01)
Sensitivity_Class0,All_Augment_tain,left,ResNet,SVM,0.875,0.8442,4.2021492226300735e-239,Yes (p<0.01)
Sensitivity_Class0,All_Augment_tain,right,MLP,MobileNet,0.9338,0.9335,0.7202039683301232,No
Sensitivity_Class0,All_Augment_tain,right,MLP,ResNet+AE,0.9338,0.9208,1.044323839695991e-40,Yes (p<0.01)
Sensitivity_Class0,All_Augment_tain,right,MLP,ResNet,0.9338,0.9468,9.10878240460185e-37,Yes (p<0.01)
Sensitivity_Class0,All_Augment_tain,right,MLP,SVM,0.9338,0.8936,7.366259682792127e-180,Yes (p<0.01)
Sensitivity_Class0,All_Augment_tain,right,MobileNet,ResNet+AE,0.9335,0.9208,5.1025885017618356e-55,Yes (p<0.01)
Sensitivity_Class0,All_Augment_tain,right,MobileNet,ResNet,0.9335,0.9468,2.463485110626491e-153,Yes (p<0.01)
Sensitivity_Class0,All_Augment_tain,right,MobileNet,SVM,0.9335,0.8936,1.5339061413513786e-301,Yes (p<0.01)
Sensitivity_Class0,All_Augment_tain,right,ResNet+AE,ResNet,0.9208,0.9468,3.7785609677358274e-135,Yes (p<0.01)
Sensitivity_Class0,All_Augment_tain,right,ResNet+AE,SVM,0.9208,0.8936,1.0855260894057062e-235,Yes (p<0.01)
Sensitivity_Class0,All_Augment_tain,right,ResNet,SVM,0.9468,0.8936,0.0,Yes (p<0.01)
Sensitivity_Class0,Ds005602,left,MLP,MobileNet,0.8868,0.7911,0.0,Yes (p<0.01)
Sensitivity_Class0,Ds005602,left,MLP,ResNet+AE,0.8868,0.7352,0.0,Yes (p<0.01)
Sensitivity_Class0,Ds005602,left,MLP,ResNet,0.8868,0.8301,9.58267659958816e-187,Yes (p<0.01)
Sensitivity_Class0,Ds005602,left,MLP,SVM,0.8868,0.794,0.0,Yes (p<0.01)
Sensitivity_Class0,Ds005602,left,MobileNet,ResNet+AE,0.7911,0.7352,1.4793199890805388e-222,Yes (p<0.01)
Sensitivity_Class0,Ds005602,left,MobileNet,ResNet,0.7911,0.8301,3.9051336940554666e-155,Yes (p<0.01)
Sensitivity_Class0,Ds005602,left,MobileNet,SVM,0.7911,0.794,0.0689779322757117,No
Sensitivity_Class0,Ds005602,left,ResNet+AE,ResNet,0.7352,0.8301,0.0,Yes (p<0.01)
Sensitivity_Class0,Ds005602,left,ResNet+AE,SVM,0.7352,0.794,1.3048869125061735e-308,Yes (p<0.01)
Sensitivity_Class0,Ds005602,left,ResNet,SVM,0.8301,0.794,6.158404973277764e-144,Yes (p<0.01)
Sensitivity_Class0,Ds005602,right,MLP,MobileNet,0.9343,0.9182,4.078678444737769e-152,Yes (p<0.01)
Sensitivity_Class0,Ds005602,right,MLP,ResNet+AE,0.9343,0.9013,1.397352597443597e-240,Yes (p<0.01)
Sensitivity_Class0,Ds005602,right,MLP,ResNet,0.9343,0.9013,1.397352597443597e-240,Yes (p<0.01)
Sensitivity_Class0,Ds005602,right,MLP,SVM,0.9343,0.9182,4.078678444737769e-152,Yes (p<0.01)
Sensitivity_Class0,Ds005602,right,MobileNet,ResNet+AE,0.9182,0.9013,5.381889171729037e-156,Yes (p<0.01)
Sensitivity_Class0,Ds005602,right,MobileNet,ResNet,0.9182,0.9013,5.381889171729037e-156,Yes (p<0.01)
Sensitivity_Class0,Ds005602,right,MobileNet,SVM,0.9182,0.9182,,No
Sensitivity_Class0,Ds005602,right,ResNet+AE,ResNet,0.9013,0.9013,,No
Sensitivity_Class0,Ds005602,right,ResNet+AE,SVM,0.9013,0.9182,5.381889171729037e-156,Yes (p<0.01)
Sensitivity_Class0,Ds005602,right,ResNet,SVM,0.9013,0.9182,5.381889171729037e-156,Yes (p<0.01)
Sensitivity_Class1,All_Augment_tain,left,MLP,MobileNet,0.7438,0.6595,6.678252383032909e-308,Yes (p<0.01)
Sensitivity_Class1,All_Augment_tain,left,MLP,ResNet+AE,0.7438,0.6845,3.11190828301157e-234,Yes (p<0.01)
Sensitivity_Class1,All_Augment_tain,left,MLP,ResNet,0.7438,0.7438,,No
Sensitivity_Class1,All_Augment_tain,left,MLP,SVM,0.7438,0.6845,3.11190828301157e-234,Yes (p<0.01)
Sensitivity_Class1,All_Augment_tain,left,MobileNet,ResNet+AE,0.6595,0.6845,1.4176200712650157e-51,Yes (p<0.01)
Sensitivity_Class1,All_Augment_tain,left,MobileNet,ResNet,0.6595,0.7438,6.678252383032909e-308,Yes (p<0.01)
Sensitivity_Class1,All_Augment_tain,left,MobileNet,SVM,0.6595,0.6845,1.4176200712650157e-51,Yes (p<0.01)
Sensitivity_Class1,All_Augment_tain,left,ResNet+AE,ResNet,0.6845,0.7438,3.11190828301157e-234,Yes (p<0.01)
Sensitivity_Class1,All_Augment_tain,left,ResNet+AE,SVM,0.6845,0.6845,,No
Sensitivity_Class1,All_Augment_tain,left,ResNet,SVM,0.7438,0.6845,3.11190828301157e-234,Yes (p<0.01)
Sensitivity_Class1,All_Augment_tain,right,MLP,MobileNet,0.7047,0.7778,6.887520116910993e-249,Yes (p<0.01)
Sensitivity_Class1,All_Augment_tain,right,MLP,ResNet+AE,0.7047,0.6675,3.5503334865667374e-61,Yes (p<0.01)
Sensitivity_Class1,All_Augment_tain,right,MLP,ResNet,0.7047,0.6299,1.2082675724543206e-251,Yes (p<0.01)
Sensitivity_Class1,All_Augment_tain,right,MLP,SVM,0.7047,0.6675,3.5503334865667374e-61,Yes (p<0.01)
Sensitivity_Class1,All_Augment_tain,right,MobileNet,ResNet+AE,0.7778,0.6675,0.0,Yes (p<0.01)
Sensitivity_Class1,All_Augment_tain,right,MobileNet,ResNet,0.7778,0.6299,0.0,Yes (p<0.01)
Sensitivity_Class1,All_Augment_tain,right,MobileNet,SVM,0.7778,0.6675,0.0,Yes (p<0.01)
Sensitivity_Class1,All_Augment_tain,right,ResNet+AE,ResNet,0.6675,0.6299,4.130010371965875e-146,Yes (p<0.01)
Sensitivity_Class1,All_Augment_tain,right,ResNet+AE,SVM,0.6675,0.6675,,No
Sensitivity_Class1,All_Augment_tain,right,ResNet,SVM,0.6299,0.6675,4.130010371965875e-146,Yes (p<0.01)
Sensitivity_Class1,Ds005602,left,MLP,MobileNet,0.6783,0.6786,0.8326227832546922,No
Sensitivity_Class1,Ds005602,left,MLP,ResNet+AE,0.6783,0.7116,4.725902600510427e-70,Yes (p<0.01)
Sensitivity_Class1,Ds005602,left,MLP,ResNet,0.6783,0.7119,4.992038472639498e-70,Yes (p<0.01)
Sensitivity_Class1,Ds005602,left,MLP,SVM,0.6783,0.7116,4.725902600510427e-70,Yes (p<0.01)
Sensitivity_Class1,Ds005602,left,MobileNet,ResNet+AE,0.6786,0.7116,2.4562716856897167e-162,Yes (p<0.01)
Sensitivity_Class1,Ds005602,left,MobileNet,ResNet,0.6786,0.7119,6.146148918069319e-154,Yes (p<0.01)
Sensitivity_Class1,Ds005602,left,MobileNet,SVM,0.6786,0.7116,2.4562716856897167e-162,Yes (p<0.01)
Sensitivity_Class1,Ds005602,left,ResNet+AE,ResNet,0.7116,0.7119,0.8849647531673407,No
Sensitivity_Class1,Ds005602,left,ResNet+AE,SVM,0.7116,0.7116,,No
Sensitivity_Class1,Ds005602,left,ResNet,SVM,0.7119,0.7116,0.8849647531673407,No
Sensitivity_Class1,Ds005602,right,MLP,MobileNet,0.8798,0.8376,2.970450606433137e-154,Yes (p<0.01)
Sensitivity_Class1,Ds005602,right,MLP,ResNet+AE,0.8798,0.8798,,No
Sensitivity_Class1,Ds005602,right,MLP,ResNet,0.8798,0.8376,2.970450606433137e-154,Yes (p<0.01)
Sensitivity_Class1,Ds005602,right,MLP,SVM,0.8798,0.8798,,No
Sensitivity_Class1,Ds005602,right,MobileNet,ResNet+AE,0.8376,0.8798,2.970450606433137e-154,Yes (p<0.01)
Sensitivity_Class1,Ds005602,right,MobileNet,ResNet,0.8376,0.8376,,No
Sensitivity_Class1,Ds005602,right,MobileNet,SVM,0.8376,0.8798,2.970450606433137e-154,Yes (p<0.01)
Sensitivity_Class1,Ds005602,right,ResNet+AE,ResNet,0.8798,0.8376,2.970450606433137e-154,Yes (p<0.01)
Sensitivity_Class1,Ds005602,right,ResNet+AE,SVM,0.8798,0.8798,,No
Sensitivity_Class1,Ds005602,right,ResNet,SVM,0.8376,0.8798,2.970450606433137e-154,Yes (p<0.01)
Specificity_Class0,All_Augment_tain,left,MLP,MobileNet,0.7438,0.6595,6.678252383032909e-308,Yes (p<0.01)
Specificity_Class0,All_Augment_tain,left,MLP,ResNet+AE,0.7438,0.6845,3.11190828301157e-234,Yes (p<0.01)
Specificity_Class0,All_Augment_tain,left,MLP,ResNet,0.7438,0.7438,,No
Specificity_Class0,All_Augment_tain,left,MLP,SVM,0.7438,0.6845,3.11190828301157e-234,Yes (p<0.01)
Specificity_Class0,All_Augment_tain,left,MobileNet,ResNet+AE,0.6595,0.6845,1.4176200712650157e-51,Yes (p<0.01)
Specificity_Class0,All_Augment_tain,left,MobileNet,ResNet,0.6595,0.7438,6.678252383032909e-308,Yes (p<0.01)
Specificity_Class0,All_Augment_tain,left,MobileNet,SVM,0.6595,0.6845,1.4176200712650157e-51,Yes (p<0.01)
Specificity_Class0,All_Augment_tain,left,ResNet+AE,ResNet,0.6845,0.7438,3.11190828301157e-234,Yes (p<0.01)
Specificity_Class0,All_Augment_tain,left,ResNet+AE,SVM,0.6845,0.6845,,No
Specificity_Class0,All_Augment_tain,left,ResNet,SVM,0.7438,0.6845,3.11190828301157e-234,Yes (p<0.01)
Specificity_Class0,All_Augment_tain,right,MLP,MobileNet,0.7047,0.7778,6.887520116910993e-249,Yes (p<0.01)
Specificity_Class0,All_Augment_tain,right,MLP,ResNet+AE,0.7047,0.6675,3.5503334865667374e-61,Yes (p<0.01)
Specificity_Class0,All_Augment_tain,right,MLP,ResNet,0.7047,0.6299,1.2082675724543206e-251,Yes (p<0.01)
Specificity_Class0,All_Augment_tain,right,MLP,SVM,0.7047,0.6675,3.5503334865667374e-61,Yes (p<0.01)
Specificity_Class0,All_Augment_tain,right,MobileNet,ResNet+AE,0.7778,0.6675,0.0,Yes (p<0.01)
Specificity_Class0,All_Augment_tain,right,MobileNet,ResNet,0.7778,0.6299,0.0,Yes (p<0.01)
Specificity_Class0,All_Augment_tain,right,MobileNet,SVM,0.7778,0.6675,0.0,Yes (p<0.01)
Specificity_Class0,All_Augment_tain,right,ResNet+AE,ResNet,0.6675,0.6299,4.130010371965875e-146,Yes (p<0.01)
Specificity_Class0,All_Augment_tain,right,ResNet+AE,SVM,0.6675,0.6675,,No
Specificity_Class0,All_Augment_tain,right,ResNet,SVM,0.6299,0.6675,4.130010371965875e-146,Yes (p<0.01)
Specificity_Class0,Ds005602,left,MLP,MobileNet,0.6783,0.6786,0.8326227832546922,No
Specificity_Class0,Ds005602,left,MLP,ResNet+AE,0.6783,0.7116,4.725902600510427e-70,Yes (p<0.01)
Specificity_Class0,Ds005602,left,MLP,ResNet,0.6783,0.7119,4.992038472639498e-70,Yes (p<0.01)
Specificity_Class0,Ds005602,left,MLP,SVM,0.6783,0.7116,4.725902600510427e-70,Yes (p<0.01)
Specificity_Class0,Ds005602,left,MobileNet,ResNet+AE,0.6786,0.7116,2.4562716856897167e-162,Yes (p<0.01)
Specificity_Class0,Ds005602,left,MobileNet,ResNet,0.6786,0.7119,6.146148918069319e-154,Yes (p<0.01)
Specificity_Class0,Ds005602,left,MobileNet,SVM,0.6786,0.7116,2.4562716856897167e-162,Yes (p<0.01)
Specificity_Class0,Ds005602,left,ResNet+AE,ResNet,0.7116,0.7119,0.8849647531673407,No
Specificity_Class0,Ds005602,left,ResNet+AE,SVM,0.7116,0.7116,,No
Specificity_Class0,Ds005602,left,ResNet,SVM,0.7119,0.7116,0.8849647531673407,No
Specificity_Class0,Ds005602,right,MLP,MobileNet,0.8798,0.8376,2.970450606433137e-154,Yes (p<0.01)
Specificity_Class0,Ds005602,right,MLP,ResNet+AE,0.8798,0.8798,,No
Specificity_Class0,Ds005602,right,MLP,ResNet,0.8798,0.8376,2.970450606433137e-154,Yes (p<0.01)
Specificity_Class0,Ds005602,right,MLP,SVM,0.8798,0.8798,,No
Specificity_Class0,Ds005602,right,MobileNet,ResNet+AE,0.8376,0.8798,2.970450606433137e-154,Yes (p<0.01)
Specificity_Class0,Ds005602,right,MobileNet,ResNet,0.8376,0.8376,,No
Specificity_Class0,Ds005602,right,MobileNet,SVM,0.8376,0.8798,2.970450606433137e-154,Yes (p<0.01)
Specificity_Class0,Ds005602,right,ResNet+AE,ResNet,0.8798,0.8376,2.970450606433137e-154,Yes (p<0.01)
Specificity_Class0,Ds005602,right,ResNet+AE,SVM,0.8798,0.8798,,No
Specificity_Class0,Ds005602,right,ResNet,SVM,0.8376,0.8798,2.970450606433137e-154,Yes (p<0.01)
Specificity_Class1,All_Augment_tain,left,MLP,MobileNet,0.812,0.875,0.0,Yes (p<0.01)
Specificity_Class1,All_Augment_tain,left,MLP,ResNet+AE,0.812,0.8123,0.6597158979587147,No
Specificity_Class1,All_Augment_tain,left,MLP,ResNet,0.812,0.875,0.0,Yes (p<0.01)
Specificity_Class1,All_Augment_tain,left,MLP,SVM,0.812,0.8442,1.7632479690816115e-168,Yes (p<0.01)
Specificity_Class1,All_Augment_tain,left,MobileNet,ResNet+AE,0.875,0.8123,0.0,Yes (p<0.01)
Specificity_Class1,All_Augment_tain,left,MobileNet,ResNet,0.875,0.875,,No
Specificity_Class1,All_Augment_tain,left,MobileNet,SVM,0.875,0.8442,4.2021492226300735e-239,Yes (p<0.01)
Specificity_Class1,All_Augment_tain,left,ResNet+AE,ResNet,0.8123,0.875,0.0,Yes (p<0.01)
Specificity_Class1,All_Augment_tain,left,ResNet+AE,SVM,0.8123,0.8442,1.246403709448811e-168,Yes (p<0.01)
Specificity_Class1,All_Augment_tain,left,ResNet,SVM,0.875,0.8442,4.2021492226300735e-239,Yes (p<0.01)
Specificity_Class1,All_Augment_tain,right,MLP,MobileNet,0.9338,0.9335,0.7202039683301232,No
Specificity_Class1,All_Augment_tain,right,MLP,ResNet+AE,0.9338,0.9208,1.044323839695991e-40,Yes (p<0.01)
Specificity_Class1,All_Augment_tain,right,MLP,ResNet,0.9338,0.9468,9.10878240460185e-37,Yes (p<0.01)
Specificity_Class1,All_Augment_tain,right,MLP,SVM,0.9338,0.8936,7.366259682792127e-180,Yes (p<0.01)
Specificity_Class1,All_Augment_tain,right,MobileNet,ResNet+AE,0.9335,0.9208,5.1025885017618356e-55,Yes (p<0.01)
Specificity_Class1,All_Augment_tain,right,MobileNet,ResNet,0.9335,0.9468,2.463485110626491e-153,Yes (p<0.01)
Specificity_Class1,All_Augment_tain,right,MobileNet,SVM,0.9335,0.8936,1.5339061413513786e-301,Yes (p<0.01)
Specificity_Class1,All_Augment_tain,right,ResNet+AE,ResNet,0.9208,0.9468,3.7785609677358274e-135,Yes (p<0.01)
Specificity_Class1,All_Augment_tain,right,ResNet+AE,SVM,0.9208,0.8936,1.0855260894057062e-235,Yes (p<0.01)
Specificity_Class1,All_Augment_tain,right,ResNet,SVM,0.9468,0.8936,0.0,Yes (p<0.01)
Specificity_Class1,Ds005602,left,MLP,MobileNet,0.8868,0.7911,0.0,Yes (p<0.01)
Specificity_Class1,Ds005602,left,MLP,ResNet+AE,0.8868,0.7352,0.0,Yes (p<0.01)
Specificity_Class1,Ds005602,left,MLP,ResNet,0.8868,0.8301,9.58267659958816e-187,Yes (p<0.01)
Specificity_Class1,Ds005602,left,MLP,SVM,0.8868,0.794,0.0,Yes (p<0.01)
Specificity_Class1,Ds005602,left,MobileNet,ResNet+AE,0.7911,0.7352,1.4793199890805388e-222,Yes (p<0.01)
Specificity_Class1,Ds005602,left,MobileNet,ResNet,0.7911,0.8301,3.9051336940554666e-155,Yes (p<0.01)
Specificity_Class1,Ds005602,left,MobileNet,SVM,0.7911,0.794,0.0689779322757117,No
Specificity_Class1,Ds005602,left,ResNet+AE,ResNet,0.7352,0.8301,0.0,Yes (p<0.01)
Specificity_Class1,Ds005602,left,ResNet+AE,SVM,0.7352,0.794,1.3048869125061735e-308,Yes (p<0.01)
Specificity_Class1,Ds005602,left,ResNet,SVM,0.8301,0.794,6.158404973277764e-144,Yes (p<0.01)
Specificity_Class1,Ds005602,right,MLP,MobileNet,0.9343,0.9182,4.078678444737769e-152,Yes (p<0.01)
Specificity_Class1,Ds005602,right,MLP,ResNet+AE,0.9343,0.9013,1.397352597443597e-240,Yes (p<0.01)
Specificity_Class1,Ds005602,right,MLP,ResNet,0.9343,0.9013,1.397352597443597e-240,Yes (p<0.01)
Specificity_Class1,Ds005602,right,MLP,SVM,0.9343,0.9182,4.078678444737769e-152,Yes (p<0.01)
Specificity_Class1,Ds005602,right,MobileNet,ResNet+AE,0.9182,0.9013,5.381889171729037e-156,Yes (p<0.01)
Specificity_Class1,Ds005602,right,MobileNet,ResNet,0.9182,0.9013,5.381889171729037e-156,Yes (p<0.01)
Specificity_Class1,Ds005602,right,MobileNet,SVM,0.9182,0.9182,,No
Specificity_Class1,Ds005602,right,ResNet+AE,ResNet,0.9013,0.9013,,No
Specificity_Class1,Ds005602,right,ResNet+AE,SVM,0.9013,0.9182,5.381889171729037e-156,Yes (p<0.01)
Specificity_Class1,Ds005602,right,ResNet,SVM,0.9013,0.9182,5.381889171729037e-156,Yes (p<0.01)
