Dataset,Side,Model,round,TP,TN,FP,FN,Accuracy,Sensitivity,Specificity,F1,AUC
Dataset_1,Right,PointNet,1,8,51,0,16,0.7867,0.3333,1.0,0.5,0.8709
Dataset_1,Right,PointNet,2,7,51,2,15,0.7733,0.3182,0.9623,0.4516,0.7015
Dataset_1,Right,PointNet,3,9,58,1,7,0.8933,0.5625,0.9831,0.6923,0.9364
Dataset_1,Right,PointNet,4,12,54,5,4,0.88,0.75,0.9153,0.7273,0.8633
Dataset_1,Right,PointNet,5,13,54,1,7,0.8933,0.65,0.9818,0.7647,0.8373
Dataset_1,Right,PointNet,6,7,54,3,11,0.8133,0.3889,0.9474,0.5,0.7632
Dataset_1,Right,PointNet,7,16,54,0,5,0.9333,0.7619,1.0,0.8649,0.9744
Dataset_1,Right,PointNet,8,14,48,3,10,0.8267,0.5833,0.9412,0.6829,0.9257
Dataset_1,Right,PointNet,9,12,52,3,8,0.8533,0.6,0.9455,0.6857,0.8327
Dataset_1,Right,PointNet,10,11,56,0,8,0.8933,0.5789,1.0,0.7333,0.891
Dataset_1,Right,PointNet,11,15,51,1,8,0.88,0.6522,0.9808,0.7692,0.8645
Dataset_1,Right,PointNet,12,4,63,1,7,0.8933,0.3636,0.9844,0.5,0.7741
Dataset_1,Right,PointNet,13,7,63,2,3,0.9333,0.7,0.9692,0.7368,0.8754
Dataset_1,Right,PointNet,14,14,48,3,10,0.8267,0.5833,0.9412,0.6829,0.8668
Dataset_1,Right,PointNet,15,8,58,2,7,0.88,0.5333,0.9667,0.64,0.8244
Dataset_1,Right,PointNet,16,15,56,0,4,0.9467,0.7895,1.0,0.8824,0.9962
Dataset_1,Right,PointNet,17,15,55,0,5,0.9333,0.75,1.0,0.8571,0.9173
Dataset_1,Right,PointNet,18,11,54,0,10,0.8667,0.5238,1.0,0.6875,0.8607
Dataset_1,Right,PointNet,19,12,56,0,7,0.9067,0.6316,1.0,0.7742,0.9154
Dataset_1,Right,PointNet,20,11,56,2,6,0.8933,0.6471,0.9655,0.7333,0.716
Dataset_1,Right,PointNet,21,13,51,1,10,0.8533,0.5652,0.9808,0.7027,0.9256
Dataset_1,Right,PointNet,22,15,49,3,8,0.8533,0.6522,0.9423,0.7317,0.8679
Dataset_1,Right,PointNet,23,9,54,2,10,0.84,0.4737,0.9643,0.6,0.8759
Dataset_1,Right,PointNet,24,10,52,3,10,0.8267,0.5,0.9455,0.6061,0.8382
Dataset_1,Right,PointNet,25,12,46,4,13,0.7733,0.48,0.92,0.5854,0.7464
Dataset_1,Right,PointNet,26,10,53,0,12,0.84,0.4545,1.0,0.625,0.8568
Dataset_1,Right,PointNet,27,12,55,1,7,0.8933,0.6316,0.9821,0.75,0.9671
Dataset_1,Right,PointNet,28,12,53,1,9,0.8667,0.5714,0.9815,0.7059,0.8907
Dataset_1,Right,PointNet,29,14,53,4,4,0.8933,0.7778,0.9298,0.7778,0.8713
Dataset_1,Right,PointNet,30,9,56,2,8,0.8667,0.5294,0.9655,0.6429,0.8671
Dataset_1,Right,PointNet,31,10,52,3,10,0.8267,0.5,0.9455,0.6061,0.7682
Dataset_1,Right,PointNet,32,12,51,1,11,0.84,0.5217,0.9808,0.6667,0.939
Dataset_1,Right,PointNet,33,10,52,1,12,0.8267,0.4545,0.9811,0.6061,0.8542
Dataset_1,Right,PointNet,34,9,55,3,8,0.8533,0.5294,0.9483,0.6207,0.93
Dataset_1,Right,PointNet,35,11,51,1,12,0.8267,0.4783,0.9808,0.6286,0.8963
Dataset_1,Right,PointNet,36,9,58,2,6,0.8933,0.6,0.9667,0.6923,0.7444
Dataset_1,Right,PointNet,37,7,60,1,7,0.8933,0.5,0.9836,0.6364,0.9321
Dataset_1,Right,PointNet,38,7,59,3,6,0.88,0.5385,0.9516,0.6087,0.8722
Dataset_1,Right,PointNet,39,6,57,5,7,0.84,0.4615,0.9194,0.5,0.8375
Dataset_1,Right,PointNet,40,8,58,1,8,0.88,0.5,0.9831,0.64,0.9142
Dataset_1,Right,PointNet,41,11,52,3,9,0.84,0.55,0.9455,0.6471,0.7155
Dataset_1,Right,PointNet,42,8,53,2,12,0.8133,0.4,0.9636,0.5333,0.8264
Dataset_1,Right,PointNet,43,11,51,2,11,0.8267,0.5,0.9623,0.6286,0.8576
Dataset_1,Right,PointNet,44,9,55,1,10,0.8533,0.4737,0.9821,0.6207,0.9117
Dataset_1,Right,PointNet,45,8,49,2,16,0.76,0.3333,0.9608,0.4706,0.585
Dataset_1,Right,PointNet,46,12,51,3,9,0.84,0.5714,0.9444,0.6667,0.866
Dataset_1,Right,PointNet,47,5,60,2,8,0.8667,0.3846,0.9677,0.5,0.8797
Dataset_1,Right,PointNet,48,13,54,1,7,0.8933,0.65,0.9818,0.7647,0.9473
Dataset_1,Right,PointNet,49,9,48,2,16,0.76,0.36,0.96,0.5,0.8272
Dataset_1,Right,PointNet,50,15,48,5,7,0.84,0.6818,0.9057,0.7143,0.8225
Dataset_1,Right,PointNet,51,12,49,5,9,0.8133,0.5714,0.9074,0.6316,0.9048
Dataset_1,Right,PointNet,52,9,57,1,8,0.88,0.5294,0.9828,0.6667,0.8682
Dataset_1,Right,PointNet,53,9,55,3,8,0.8533,0.5294,0.9483,0.6207,0.9544
Dataset_1,Right,PointNet,54,8,57,3,7,0.8667,0.5333,0.95,0.6154,0.76
Dataset_1,Right,PointNet,55,9,56,3,7,0.8667,0.5625,0.9492,0.6429,0.8538
Dataset_1,Right,PointNet,56,11,54,1,9,0.8667,0.55,0.9818,0.6875,0.8473
Dataset_1,Right,PointNet,57,10,63,1,1,0.9733,0.9091,0.9844,0.9091,0.9801
Dataset_1,Right,PointNet,58,14,56,1,4,0.9333,0.7778,0.9825,0.8485,0.9055
Dataset_1,Right,PointNet,59,10,54,1,10,0.8533,0.5,0.9818,0.6452,0.7527
Dataset_1,Right,PointNet,60,8,60,1,6,0.9067,0.5714,0.9836,0.6957,0.9215
Dataset_1,Right,PointNet,61,17,50,0,8,0.8933,0.68,1.0,0.8095,0.9208
Dataset_1,Right,PointNet,62,10,53,0,12,0.84,0.4545,1.0,0.625,0.7067
Dataset_1,Right,PointNet,63,10,55,2,8,0.8667,0.5556,0.9649,0.6667,0.8665
Dataset_1,Right,PointNet,64,13,47,2,13,0.8,0.5,0.9592,0.6341,0.792
Dataset_1,Right,PointNet,65,15,53,2,5,0.9067,0.75,0.9636,0.8108,0.9082
Dataset_1,Right,PointNet,66,16,49,4,6,0.8667,0.7273,0.9245,0.7619,0.9142
Dataset_1,Right,PointNet,67,14,50,2,9,0.8533,0.6087,0.9615,0.7179,0.964
Dataset_1,Right,PointNet,68,12,48,0,15,0.8,0.4444,1.0,0.6154,0.8256
Dataset_1,Right,PointNet,69,12,52,3,8,0.8533,0.6,0.9455,0.6857,0.8827
Dataset_1,Right,PointNet,70,7,56,3,9,0.84,0.4375,0.9492,0.5385,0.9449
Dataset_1,Right,PointNet,71,10,52,1,12,0.8267,0.4545,0.9811,0.6061,0.7719
Dataset_1,Right,PointNet,72,12,52,5,6,0.8533,0.6667,0.9123,0.6857,0.8158
Dataset_1,Right,PointNet,73,11,50,0,14,0.8133,0.44,1.0,0.6111,0.7592
Dataset_1,Right,PointNet,74,9,59,2,5,0.9067,0.6429,0.9672,0.72,0.7482
Dataset_1,Right,PointNet,75,13,55,0,7,0.9067,0.65,1.0,0.7879,0.9473
Dataset_1,Right,PointNet,76,9,56,3,7,0.8667,0.5625,0.9492,0.6429,0.8612
Dataset_1,Right,PointNet,77,13,53,2,7,0.88,0.65,0.9636,0.7429,0.8873
Dataset_1,Right,PointNet,78,10,58,0,7,0.9067,0.5882,1.0,0.7407,0.8225
Dataset_1,Right,PointNet,79,12,54,2,7,0.88,0.6316,0.9643,0.7273,0.9239
Dataset_1,Right,PointNet,80,7,54,2,12,0.8133,0.3684,0.9643,0.5,0.8656
Dataset_1,Right,PointNet,81,14,55,1,5,0.92,0.7368,0.9821,0.8235,0.9643
Dataset_1,Right,PointNet,82,8,56,0,11,0.8533,0.4211,1.0,0.5926,0.8383
Dataset_1,Right,PointNet,83,12,55,2,6,0.8933,0.6667,0.9649,0.75,0.8226
Dataset_1,Right,PointNet,84,16,51,2,6,0.8933,0.7273,0.9623,0.8,0.8473
Dataset_1,Right,PointNet,85,10,52,3,10,0.8267,0.5,0.9455,0.6061,0.8418
Dataset_1,Right,PointNet,86,10,48,2,15,0.7733,0.4,0.96,0.5405,0.7632
Dataset_1,Right,PointNet,87,11,55,2,7,0.88,0.6111,0.9649,0.7097,0.8041
Dataset_1,Right,PointNet,88,8,57,2,8,0.8667,0.5,0.9661,0.6154,0.8008
Dataset_1,Right,PointNet,89,13,51,3,8,0.8533,0.619,0.9444,0.7027,0.8298
Dataset_1,Right,PointNet,90,12,50,0,13,0.8267,0.48,1.0,0.6486,0.8752
Dataset_1,Right,PointNet,91,7,57,4,7,0.8533,0.5,0.9344,0.56,0.781
Dataset_1,Right,PointNet,92,7,54,3,11,0.8133,0.3889,0.9474,0.5,0.653
Dataset_1,Right,PointNet,93,9,54,2,10,0.84,0.4737,0.9643,0.6,0.8148
Dataset_1,Right,PointNet,94,8,58,1,8,0.88,0.5,0.9831,0.64,0.8591
Dataset_1,Right,PointNet,95,12,51,3,9,0.84,0.5714,0.9444,0.6667,0.7963
Dataset_1,Right,PointNet,96,13,42,0,20,0.7333,0.3939,1.0,0.5652,0.7482
Dataset_1,Right,PointNet,97,13,51,1,10,0.8533,0.5652,0.9808,0.7027,0.8236
Dataset_1,Right,PointNet,98,8,54,0,13,0.8267,0.381,1.0,0.5517,0.7734
Dataset_1,Right,PointNet,99,6,58,2,9,0.8533,0.4,0.9667,0.5217,0.7922
Dataset_1,Right,PointNet,100,13,45,2,15,0.7733,0.4643,0.9574,0.6047,0.8123
Dataset_1,Right,PointNet,101,6,63,1,5,0.92,0.5455,0.9844,0.6667,0.8835
Dataset_1,Right,PointNet,102,13,49,0,13,0.8267,0.5,1.0,0.6667,0.8854
Dataset_1,Right,PointNet,103,11,52,2,10,0.84,0.5238,0.963,0.6471,0.7593
Dataset_1,Right,PointNet,104,7,48,7,13,0.7333,0.35,0.8727,0.4118,0.7118
Dataset_1,Right,PointNet,105,13,51,4,7,0.8533,0.65,0.9273,0.7027,0.8418
Dataset_1,Right,PointNet,106,5,55,4,11,0.8,0.3125,0.9322,0.4,0.768
Dataset_1,Right,PointNet,107,13,48,1,13,0.8133,0.5,0.9796,0.65,0.8619
Dataset_1,Right,PointNet,108,12,55,2,6,0.8933,0.6667,0.9649,0.75,0.9386
Dataset_1,Right,PointNet,109,9,52,3,11,0.8133,0.45,0.9455,0.5625,0.8582
Dataset_1,Right,PointNet,110,10,54,2,9,0.8533,0.5263,0.9643,0.6452,0.8957
Dataset_1,Right,PointNet,111,10,58,3,4,0.9067,0.7143,0.9508,0.7407,0.9567
Dataset_1,Right,PointNet,112,15,45,4,11,0.8,0.5769,0.9184,0.6667,0.7724
Dataset_1,Right,PointNet,113,13,47,0,15,0.8,0.4643,1.0,0.6341,0.7515
Dataset_1,Right,PointNet,114,13,47,5,10,0.8,0.5652,0.9038,0.6341,0.7575
Dataset_1,Right,PointNet,115,6,52,6,11,0.7733,0.3529,0.8966,0.4138,0.6684
Dataset_1,Right,PointNet,116,12,50,4,9,0.8267,0.5714,0.9259,0.6486,0.6958
Dataset_1,Right,PointNet,117,7,57,3,8,0.8533,0.4667,0.95,0.56,0.7922
Dataset_1,Right,PointNet,118,13,53,2,7,0.88,0.65,0.9636,0.7429,0.8373
Dataset_1,Right,PointNet,119,10,58,2,5,0.9067,0.6667,0.9667,0.7407,0.8822
Dataset_1,Right,PointNet,120,10,56,1,8,0.88,0.5556,0.9825,0.6897,0.8265
Dataset_1,Right,PointNet,121,9,61,1,4,0.9333,0.6923,0.9839,0.7826,0.8747
Dataset_1,Right,PointNet,122,11,52,3,9,0.84,0.55,0.9455,0.6471,0.7936
Dataset_1,Right,PointNet,123,15,49,3,8,0.8533,0.6522,0.9423,0.7317,0.913
Dataset_1,Right,PointNet,124,13,53,2,7,0.88,0.65,0.9636,0.7429,0.8855
Dataset_1,Right,PointNet,125,16,47,0,12,0.84,0.5714,1.0,0.7273,0.9453
Dataset_1,Right,PointNet,126,11,54,2,8,0.8667,0.5789,0.9643,0.6875,0.8365
Dataset_1,Right,PointNet,127,10,54,1,10,0.8533,0.5,0.9818,0.6452,0.8618
Dataset_1,Right,PointNet,128,11,50,3,11,0.8133,0.5,0.9434,0.6111,0.8302
Dataset_1,Right,PointNet,129,11,52,0,12,0.84,0.4783,1.0,0.6471,0.709
Dataset_1,Right,PointNet,130,8,59,1,7,0.8933,0.5333,0.9833,0.6667,0.8256
Dataset_1,Right,PointNet,131,14,48,4,9,0.8267,0.6087,0.9231,0.6829,0.8654
Dataset_1,Right,PointNet,132,13,48,3,11,0.8133,0.5417,0.9412,0.65,0.7263
Dataset_1,Right,PointNet,133,8,57,2,8,0.8667,0.5,0.9661,0.6154,0.8633
Dataset_1,Right,PointNet,134,11,50,0,14,0.8133,0.44,1.0,0.6111,0.7944
Dataset_1,Right,PointNet,135,15,51,0,9,0.88,0.625,1.0,0.7692,0.9077
Dataset_1,Right,PointNet,136,10,52,1,12,0.8267,0.4545,0.9811,0.6061,0.8087
Dataset_1,Right,PointNet,137,10,55,4,6,0.8667,0.625,0.9322,0.6667,0.8019
Dataset_1,Right,PointNet,138,16,50,1,8,0.88,0.6667,0.9804,0.7805,0.8987
Dataset_1,Right,PointNet,139,7,51,3,14,0.7733,0.3333,0.9444,0.4516,0.784
Dataset_1,Right,PointNet,140,17,49,1,8,0.88,0.68,0.98,0.7907,0.884
Dataset_1,Right,PointNet,141,7,54,1,13,0.8133,0.35,0.9818,0.5,0.7136
Dataset_1,Right,PointNet,142,13,50,0,12,0.84,0.52,1.0,0.6842,0.852
Dataset_1,Right,PointNet,143,11,51,0,13,0.8267,0.4583,1.0,0.6286,0.8587
Dataset_1,Right,PointNet,144,6,53,4,12,0.7867,0.3333,0.9298,0.4286,0.6072
Dataset_1,Right,PointNet,145,11,59,1,4,0.9333,0.7333,0.9833,0.8148,0.8644
Dataset_1,Right,PointNet,146,16,52,1,6,0.9067,0.7273,0.9811,0.8205,0.8568
Dataset_1,Right,PointNet,147,6,53,0,16,0.7867,0.2727,1.0,0.4286,0.7633
Dataset_1,Right,PointNet,148,11,51,3,10,0.8267,0.5238,0.9444,0.6286,0.8157
Dataset_1,Right,PointNet,149,13,52,2,8,0.8667,0.619,0.963,0.7222,0.8413
Dataset_1,Right,PointNet,150,9,49,2,15,0.7733,0.375,0.9608,0.5143,0.7639
Dataset_1,Right,PointNet,151,4,57,2,12,0.8133,0.25,0.9661,0.3636,0.7097
Dataset_1,Right,PointNet,152,12,52,1,10,0.8533,0.5455,0.9811,0.6857,0.964
Dataset_1,Right,PointNet,153,8,57,5,5,0.8667,0.6154,0.9194,0.6154,0.8958
Dataset_1,Right,PointNet,154,16,48,0,11,0.8533,0.5926,1.0,0.7442,0.8171
Dataset_1,Right,PointNet,155,5,63,0,7,0.9067,0.4167,1.0,0.5882,0.7804
Dataset_1,Right,PointNet,156,8,56,0,11,0.8533,0.4211,1.0,0.5926,0.9492
Dataset_1,Right,PointNet,157,10,51,4,10,0.8133,0.5,0.9273,0.5882,0.8427
Dataset_1,Right,PointNet,158,15,53,0,7,0.9067,0.6818,1.0,0.8108,0.9065
Dataset_1,Right,PointNet,159,11,54,3,7,0.8667,0.6111,0.9474,0.6875,0.8138
Dataset_1,Right,PointNet,160,12,49,2,12,0.8133,0.5,0.9608,0.6316,0.8685
Dataset_1,Right,PointNet,161,12,58,1,4,0.9333,0.75,0.9831,0.8276,0.8528
Dataset_1,Right,PointNet,162,12,52,4,7,0.8533,0.6316,0.9286,0.6857,0.7923
Dataset_1,Right,PointNet,163,10,55,0,10,0.8667,0.5,1.0,0.6667,0.8355
Dataset_1,Right,PointNet,164,14,53,1,7,0.8933,0.6667,0.9815,0.7778,0.9215
Dataset_1,Right,PointNet,165,12,51,2,10,0.84,0.5455,0.9623,0.6667,0.7496
Dataset_1,Right,PointNet,166,14,48,5,8,0.8267,0.6364,0.9057,0.6829,0.7882
Dataset_1,Right,PointNet,167,12,51,3,9,0.84,0.5714,0.9444,0.6667,0.754
Dataset_1,Right,PointNet,168,6,54,4,11,0.8,0.3529,0.931,0.4444,0.8306
Dataset_1,Right,PointNet,169,8,53,1,13,0.8133,0.381,0.9815,0.5333,0.8854
Dataset_1,Right,PointNet,170,10,55,0,10,0.8667,0.5,1.0,0.6667,0.81
Dataset_1,Right,PointNet,171,13,55,1,6,0.9067,0.6842,0.9821,0.7879,0.9568
Dataset_1,Right,PointNet,172,9,53,1,12,0.8267,0.4286,0.9815,0.5806,0.881
Dataset_1,Right,PointNet,173,15,46,3,11,0.8133,0.5769,0.9388,0.6818,0.8163
Dataset_1,Right,PointNet,174,18,46,1,10,0.8533,0.6429,0.9787,0.766,0.8974
Dataset_1,Right,PointNet,175,8,54,1,12,0.8267,0.4,0.9818,0.5517,0.6809
Dataset_1,Right,PointNet,176,8,56,4,7,0.8533,0.5333,0.9333,0.5926,0.7211
Dataset_1,Right,PointNet,177,6,58,1,10,0.8533,0.375,0.9831,0.5217,0.768
Dataset_1,Right,PointNet,178,5,60,3,7,0.8667,0.4167,0.9524,0.5,0.7619
Dataset_1,Right,PointNet,179,9,58,2,6,0.8933,0.6,0.9667,0.6923,0.8533
Dataset_1,Right,PointNet,180,6,53,2,14,0.7867,0.3,0.9636,0.4286,0.7891
Dataset_1,Right,PointNet,181,15,48,1,11,0.84,0.5769,0.9796,0.7143,0.8878
Dataset_1,Right,PointNet,182,15,47,1,12,0.8267,0.5556,0.9792,0.6977,0.838
Dataset_1,Right,PointNet,183,10,51,4,10,0.8133,0.5,0.9273,0.5882,0.8182
Dataset_1,Right,PointNet,184,13,51,1,10,0.8533,0.5652,0.9808,0.7027,0.8746
Dataset_1,Right,PointNet,185,11,51,3,10,0.8267,0.5238,0.9444,0.6286,0.8977
Dataset_1,Right,PointNet,186,10,44,4,17,0.72,0.3704,0.9167,0.4878,0.6883
Dataset_1,Right,PointNet,187,7,53,1,14,0.8,0.3333,0.9815,0.4828,0.8351
Dataset_1,Right,PointNet,188,13,53,3,6,0.88,0.6842,0.9464,0.7429,0.8477
Dataset_1,Right,PointNet,189,10,54,4,7,0.8533,0.5882,0.931,0.6452,0.8722
Dataset_1,Right,PointNet,190,13,54,1,7,0.8933,0.65,0.9818,0.7647,0.8845
Dataset_1,Right,PointNet,191,6,58,3,8,0.8533,0.4286,0.9508,0.5217,0.7635
Dataset_1,Right,PointNet,192,13,52,1,9,0.8667,0.5909,0.9811,0.7222,0.8362
Dataset_1,Right,PointNet,193,5,55,3,12,0.8,0.2941,0.9483,0.4,0.6957
Dataset_1,Right,PointNet,194,7,59,1,8,0.88,0.4667,0.9833,0.6087,0.8689
Dataset_1,Right,PointNet,195,12,52,5,6,0.8533,0.6667,0.9123,0.6857,0.7807
Dataset_1,Right,PointNet,196,13,48,2,12,0.8133,0.52,0.96,0.65,0.8216
Dataset_1,Right,PointNet,197,15,46,3,11,0.8133,0.5769,0.9388,0.6818,0.8516
Dataset_1,Right,PointNet,198,6,56,5,8,0.8267,0.4286,0.918,0.48,0.7834
Dataset_1,Right,PointNet,199,12,55,1,7,0.8933,0.6316,0.9821,0.75,0.8271
Dataset_1,Right,PointNet,200,12,53,4,6,0.8667,0.6667,0.9298,0.7059,0.9172
Dataset_1,Right,PointNet,201,10,55,1,9,0.8667,0.5263,0.9821,0.6667,0.8148
Dataset_1,Right,PointNet,202,15,51,0,9,0.88,0.625,1.0,0.7692,0.9134
Dataset_1,Right,PointNet,203,11,49,2,13,0.8,0.4583,0.9608,0.5946,0.906
Dataset_1,Right,PointNet,204,8,58,0,9,0.88,0.4706,1.0,0.64,0.9118
Dataset_1,Right,PointNet,205,9,52,2,12,0.8133,0.4286,0.963,0.5625,0.7028
Dataset_1,Right,PointNet,206,7,58,1,9,0.8667,0.4375,0.9831,0.5833,0.6578
Dataset_1,Right,PointNet,207,8,59,0,8,0.8933,0.5,1.0,0.6667,0.9121
Dataset_1,Right,PointNet,208,11,47,5,12,0.7733,0.4783,0.9038,0.5641,0.898
Dataset_1,Right,PointNet,209,12,49,1,13,0.8133,0.48,0.98,0.6316,0.8312
Dataset_1,Right,PointNet,210,9,54,2,10,0.84,0.4737,0.9643,0.6,0.7425
Dataset_1,Right,PointNet,211,14,48,3,10,0.8267,0.5833,0.9412,0.6829,0.7467
Dataset_1,Right,PointNet,212,13,48,5,9,0.8133,0.5909,0.9057,0.65,0.8431
Dataset_1,Right,PointNet,213,14,52,0,9,0.88,0.6087,1.0,0.7568,0.8236
Dataset_1,Right,PointNet,214,12,49,2,12,0.8133,0.5,0.9608,0.6316,0.8039
Dataset_1,Right,PointNet,215,12,48,2,13,0.8,0.48,0.96,0.6154,0.7848
Dataset_1,Right,PointNet,216,11,54,3,7,0.8667,0.6111,0.9474,0.6875,0.8129
Dataset_1,Right,PointNet,217,10,55,0,10,0.8667,0.5,1.0,0.6667,0.7982
Dataset_1,Right,PointNet,218,12,53,1,9,0.8667,0.5714,0.9815,0.7059,0.8439
Dataset_1,Right,PointNet,219,14,52,2,7,0.88,0.6667,0.963,0.7568,0.8342
Dataset_1,Right,PointNet,220,11,49,4,11,0.8,0.5,0.9245,0.5946,0.7556
Dataset_1,Right,PointNet,221,10,51,2,12,0.8133,0.4545,0.9623,0.5882,0.7985
Dataset_1,Right,PointNet,222,12,48,4,11,0.8,0.5217,0.9231,0.6154,0.709
Dataset_1,Right,PointNet,223,7,55,2,11,0.8267,0.3889,0.9649,0.5185,0.8041
Dataset_1,Right,PointNet,224,13,48,5,9,0.8133,0.5909,0.9057,0.65,0.8688
Dataset_1,Right,PointNet,225,16,47,1,11,0.84,0.5926,0.9792,0.7273,0.8696
Dataset_1,Right,PointNet,226,13,51,3,8,0.8533,0.619,0.9444,0.7027,0.8607
Dataset_1,Right,PointNet,227,15,52,0,8,0.8933,0.6522,1.0,0.7895,0.852
Dataset_1,Right,PointNet,228,14,51,1,9,0.8667,0.6087,0.9808,0.7368,0.8704
Dataset_1,Right,PointNet,229,16,48,0,11,0.8533,0.5926,1.0,0.7442,0.8858
Dataset_1,Right,PointNet,230,9,50,3,13,0.7867,0.4091,0.9434,0.5294,0.8456
Dataset_1,Right,PointNet,231,9,59,0,7,0.9067,0.5625,1.0,0.72,0.9396
Dataset_1,Right,PointNet,232,12,49,2,12,0.8133,0.5,0.9608,0.6316,0.8007
Dataset_1,Right,PointNet,233,16,49,3,7,0.8667,0.6957,0.9423,0.7619,0.8194
Dataset_1,Right,PointNet,234,9,53,3,10,0.8267,0.4737,0.9464,0.5806,0.8524
Dataset_1,Right,PointNet,235,13,54,1,7,0.8933,0.65,0.9818,0.7647,0.8909
Dataset_1,Right,PointNet,236,6,60,1,8,0.88,0.4286,0.9836,0.5714,0.7752
Dataset_1,Right,PointNet,237,10,56,2,7,0.88,0.5882,0.9655,0.6897,0.8935
Dataset_1,Right,PointNet,238,14,45,2,14,0.7867,0.5,0.9574,0.6364,0.8351
Dataset_1,Right,PointNet,239,20,47,2,6,0.8933,0.7692,0.9592,0.8333,0.9192
Dataset_1,Right,PointNet,240,11,48,6,10,0.7867,0.5238,0.8889,0.5789,0.7954
Dataset_1,Right,PointNet,241,8,61,2,4,0.92,0.6667,0.9683,0.7273,0.8862
Dataset_1,Right,PointNet,242,7,60,4,4,0.8933,0.6364,0.9375,0.6364,0.9375
Dataset_1,Right,PointNet,243,7,50,3,15,0.76,0.3182,0.9434,0.4375,0.6655
Dataset_1,Right,PointNet,244,8,59,1,7,0.8933,0.5333,0.9833,0.6667,0.82
Dataset_1,Right,PointNet,245,13,51,1,10,0.8533,0.5652,0.9808,0.7027,0.8395
Dataset_1,Right,PointNet,246,5,56,4,10,0.8133,0.3333,0.9333,0.4167,0.6944
Dataset_1,Right,PointNet,247,8,54,2,11,0.8267,0.4211,0.9643,0.5517,0.7876
Dataset_1,Right,PointNet,248,15,49,8,3,0.8533,0.8333,0.8596,0.7317,0.8684
Dataset_1,Right,PointNet,249,11,51,3,10,0.8267,0.5238,0.9444,0.6286,0.8933
Dataset_1,Right,PointNet,250,15,54,3,3,0.92,0.8333,0.9474,0.8333,0.9055
Dataset_1,Right,PointNet,251,9,60,0,6,0.92,0.6,1.0,0.75,0.8333
Dataset_1,Right,PointNet,252,6,58,1,10,0.8533,0.375,0.9831,0.5217,0.9121
Dataset_1,Right,PointNet,253,5,60,3,7,0.8667,0.4167,0.9524,0.5,0.8426
Dataset_1,Right,PointNet,254,12,52,3,8,0.8533,0.6,0.9455,0.6857,0.92
Dataset_1,Right,PointNet,255,14,49,2,10,0.84,0.5833,0.9608,0.7,0.7704
Dataset_1,Right,PointNet,256,9,52,3,11,0.8133,0.45,0.9455,0.5625,0.8382
Dataset_1,Right,PointNet,257,5,59,4,7,0.8533,0.4167,0.9365,0.4762,0.6442
Dataset_1,Right,PointNet,258,7,61,1,6,0.9067,0.5385,0.9839,0.6667,0.7506
Dataset_1,Right,PointNet,259,7,55,2,11,0.8267,0.3889,0.9649,0.5185,0.7612
Dataset_1,Right,PointNet,260,14,50,4,7,0.8533,0.6667,0.9259,0.7179,0.8219
Dataset_1,Right,PointNet,261,7,57,3,8,0.8533,0.4667,0.95,0.56,0.7233
Dataset_1,Right,PointNet,262,9,52,1,13,0.8133,0.4091,0.9811,0.5625,0.8525
Dataset_1,Right,PointNet,263,12,49,3,11,0.8133,0.5217,0.9423,0.6316,0.847
Dataset_1,Right,PointNet,264,18,50,1,6,0.9067,0.75,0.9804,0.8372,0.8848
Dataset_1,Right,PointNet,265,10,57,0,8,0.8933,0.5556,1.0,0.7143,0.7865
Dataset_1,Right,PointNet,266,10,53,3,9,0.84,0.5263,0.9464,0.625,0.782
Dataset_1,Right,PointNet,267,13,52,1,9,0.8667,0.5909,0.9811,0.7222,0.7504
Dataset_1,Right,PointNet,268,9,55,2,9,0.8533,0.5,0.9649,0.6207,0.8616
Dataset_1,Right,PointNet,269,16,49,1,9,0.8667,0.64,0.98,0.7619,0.8168
Dataset_1,Right,PointNet,270,7,55,2,11,0.8267,0.3889,0.9649,0.5185,0.9172
Dataset_1,Right,PointNet,271,15,52,2,6,0.8933,0.7143,0.963,0.7895,0.9092
Dataset_1,Right,PointNet,272,12,57,1,5,0.92,0.7059,0.9828,0.8,0.9087
Dataset_1,Right,PointNet,273,9,52,3,11,0.8133,0.45,0.9455,0.5625,0.7427
Dataset_1,Right,PointNet,274,12,54,2,7,0.88,0.6316,0.9643,0.7273,0.8985
Dataset_1,Right,PointNet,275,12,46,7,10,0.7733,0.5455,0.8679,0.5854,0.7616
Dataset_1,Right,PointNet,276,6,50,4,15,0.7467,0.2857,0.9259,0.3871,0.6464
Dataset_1,Right,PointNet,277,9,55,0,11,0.8533,0.45,1.0,0.6207,0.9627
Dataset_1,Right,PointNet,278,8,57,3,7,0.8667,0.5333,0.95,0.6154,0.8556
Dataset_1,Right,PointNet,279,7,54,3,11,0.8133,0.3889,0.9474,0.5,0.8519
Dataset_1,Right,PointNet,280,13,52,2,8,0.8667,0.619,0.963,0.7222,0.8333
Dataset_1,Right,PointNet,281,7,58,1,9,0.8667,0.4375,0.9831,0.5833,0.8559
Dataset_1,Right,PointNet,282,13,53,0,9,0.88,0.5909,1.0,0.7429,0.8388
Dataset_1,Right,PointNet,283,7,52,4,12,0.7867,0.3684,0.9286,0.4667,0.7547
Dataset_1,Right,PointNet,284,12,54,1,8,0.88,0.6,0.9818,0.7273,0.7718
Dataset_1,Right,PointNet,285,11,49,3,12,0.8,0.4783,0.9423,0.5946,0.8595
Dataset_1,Right,PointNet,286,12,44,2,17,0.7467,0.4138,0.9565,0.5581,0.8658
Dataset_1,Right,PointNet,287,12,56,1,6,0.9067,0.6667,0.9825,0.7742,0.9025
Dataset_1,Right,PointNet,288,7,59,3,6,0.88,0.5385,0.9516,0.6087,0.8176
Dataset_1,Right,PointNet,289,8,52,2,13,0.8,0.381,0.963,0.5161,0.7892
Dataset_1,Right,PointNet,290,8,56,2,9,0.8533,0.4706,0.9655,0.5926,0.6947
Dataset_1,Right,PointNet,291,6,57,1,11,0.84,0.3529,0.9828,0.5,0.8367
Dataset_1,Right,PointNet,292,17,46,2,10,0.84,0.6296,0.9583,0.7391,0.8627
Dataset_1,Right,PointNet,293,11,52,2,10,0.84,0.5238,0.963,0.6471,0.8245
Dataset_1,Right,PointNet,294,14,52,1,8,0.88,0.6364,0.9811,0.7568,0.8722
Dataset_1,Right,PointNet,295,10,50,1,14,0.8,0.4167,0.9804,0.5714,0.8227
Dataset_1,Right,PointNet,296,13,53,0,9,0.88,0.5909,1.0,0.7429,0.8825
Dataset_1,Right,PointNet,297,7,54,1,13,0.8133,0.35,0.9818,0.5,0.8327
Dataset_1,Right,PointNet,298,11,47,2,15,0.7733,0.4231,0.9592,0.5641,0.803
Dataset_1,Right,PointNet,299,13,56,2,4,0.92,0.7647,0.9655,0.8125,0.9229
Dataset_1,Right,PointNet,300,16,45,4,10,0.8133,0.6154,0.9184,0.6957,0.7755
Dataset_1,Right,PointNet,301,15,51,2,7,0.88,0.6818,0.9623,0.7692,0.8859
Dataset_1,Right,PointNet,302,7,55,2,11,0.8267,0.3889,0.9649,0.5185,0.7768
Dataset_1,Right,PointNet,303,14,51,1,9,0.8667,0.6087,0.9808,0.7368,0.8579
Dataset_1,Right,PointNet,304,8,55,3,9,0.84,0.4706,0.9483,0.5714,0.7059
Dataset_1,Right,PointNet,305,9,58,2,6,0.8933,0.6,0.9667,0.6923,0.7556
Dataset_1,Right,PointNet,306,13,51,1,10,0.8533,0.5652,0.9808,0.7027,0.811
Dataset_1,Right,PointNet,307,10,54,6,5,0.8533,0.6667,0.9,0.6452,0.8178
Dataset_1,Right,PointNet,308,4,61,2,8,0.8667,0.3333,0.9683,0.4444,0.8201
Dataset_1,Right,PointNet,309,11,51,2,11,0.8267,0.5,0.9623,0.6286,0.7581
Dataset_1,Right,PointNet,310,13,53,3,6,0.88,0.6842,0.9464,0.7429,0.8694
Dataset_1,Right,PointNet,311,12,55,1,7,0.8933,0.6316,0.9821,0.75,0.937
Dataset_1,Right,PointNet,312,10,56,2,7,0.88,0.5882,0.9655,0.6897,0.783
Dataset_1,Right,PointNet,313,15,48,2,10,0.84,0.6,0.96,0.7143,0.888
Dataset_1,Right,PointNet,314,12,55,2,6,0.8933,0.6667,0.9649,0.75,0.9561
Dataset_1,Right,PointNet,315,9,57,2,7,0.88,0.5625,0.9661,0.6667,0.8739
Dataset_1,Right,PointNet,316,7,52,1,15,0.7867,0.3182,0.9811,0.4667,0.8482
Dataset_1,Right,PointNet,317,11,47,0,17,0.7733,0.3929,1.0,0.5641,0.6884
Dataset_1,Right,PointNet,318,3,58,2,12,0.8133,0.2,0.9667,0.3,0.75
Dataset_1,Right,PointNet,319,12,53,1,9,0.8667,0.5714,0.9815,0.7059,0.9162
Dataset_1,Right,PointNet,320,10,55,3,7,0.8667,0.5882,0.9483,0.6667,0.7748
Dataset_1,Right,PointNet,321,14,53,1,7,0.8933,0.6667,0.9815,0.7778,0.8713
Dataset_1,Right,PointNet,322,10,52,1,12,0.8267,0.4545,0.9811,0.6061,0.8559
Dataset_1,Right,PointNet,323,13,52,0,10,0.8667,0.5652,1.0,0.7222,0.8988
Dataset_1,Right,PointNet,324,8,57,2,8,0.8667,0.5,0.9661,0.6154,0.7956
Dataset_1,Right,PointNet,325,10,60,1,4,0.9333,0.7143,0.9836,0.8,0.8817
Dataset_1,Right,PointNet,326,9,55,4,7,0.8533,0.5625,0.9322,0.6207,0.8538
Dataset_1,Right,PointNet,327,12,52,1,10,0.8533,0.5455,0.9811,0.6857,0.783
Dataset_1,Right,PointNet,328,17,50,1,7,0.8933,0.7083,0.9804,0.8095,0.8954
Dataset_1,Right,PointNet,329,13,45,2,15,0.7733,0.4643,0.9574,0.6047,0.7842
Dataset_1,Right,PointNet,330,7,60,2,6,0.8933,0.5385,0.9677,0.6364,0.9069
Dataset_1,Right,PointNet,331,13,51,1,10,0.8533,0.5652,0.9808,0.7027,0.9289
Dataset_1,Right,PointNet,332,8,57,0,10,0.8667,0.4444,1.0,0.6154,0.7612
Dataset_1,Right,PointNet,333,7,57,1,10,0.8533,0.4118,0.9828,0.56,0.8428
Dataset_1,Right,PointNet,334,19,48,2,6,0.8933,0.76,0.96,0.8261,0.948
Dataset_1,Right,PointNet,335,14,52,0,9,0.88,0.6087,1.0,0.7568,0.9022
Dataset_1,Right,PointNet,336,10,51,3,11,0.8133,0.4762,0.9444,0.5882,0.7822
Dataset_1,Right,PointNet,337,11,53,2,9,0.8533,0.55,0.9636,0.6667,0.7364
Dataset_1,Right,PointNet,338,12,49,3,11,0.8133,0.5217,0.9423,0.6316,0.8545
Dataset_1,Right,PointNet,339,10,54,2,9,0.8533,0.5263,0.9643,0.6452,0.8468
Dataset_1,Right,PointNet,340,13,53,1,8,0.88,0.619,0.9815,0.7429,0.7981
Dataset_1,Right,PointNet,341,12,51,1,11,0.84,0.5217,0.9808,0.6667,0.8152
Dataset_1,Right,PointNet,342,10,52,2,11,0.8267,0.4762,0.963,0.6061,0.7654
Dataset_1,Right,PointNet,343,11,55,3,6,0.88,0.6471,0.9483,0.7097,0.8955
Dataset_1,Right,PointNet,344,13,47,1,14,0.8,0.4815,0.9792,0.6341,0.8441
Dataset_1,Right,PointNet,345,7,58,0,10,0.8667,0.4118,1.0,0.5833,0.8864
Dataset_1,Right,PointNet,346,10,56,2,7,0.88,0.5882,0.9655,0.6897,0.9594
Dataset_1,Right,PointNet,347,10,53,2,10,0.84,0.5,0.9636,0.625,0.8864
Dataset_1,Right,PointNet,348,17,50,1,7,0.8933,0.7083,0.9804,0.8095,0.9363
Dataset_1,Right,PointNet,349,11,53,0,11,0.8533,0.5,1.0,0.6667,0.7899
Dataset_1,Right,PointNet,350,16,44,2,13,0.8,0.5517,0.9565,0.6809,0.8561
Dataset_1,Right,PointNet,351,7,59,2,7,0.88,0.5,0.9672,0.6087,0.7799
Dataset_1,Right,PointNet,352,8,54,5,8,0.8267,0.5,0.9153,0.5517,0.7765
Dataset_1,Right,PointNet,353,11,54,3,7,0.8667,0.6111,0.9474,0.6875,0.8616
Dataset_1,Right,PointNet,354,10,56,2,7,0.88,0.5882,0.9655,0.6897,0.9391
Dataset_1,Right,PointNet,355,11,59,1,4,0.9333,0.7333,0.9833,0.8148,0.9756
Dataset_1,Right,PointNet,356,12,53,4,6,0.8667,0.6667,0.9298,0.7059,0.8528
Dataset_1,Right,PointNet,357,15,52,2,6,0.8933,0.7143,0.963,0.7895,0.9462
Dataset_1,Right,PointNet,358,11,52,2,10,0.84,0.5238,0.963,0.6471,0.8889
Dataset_1,Right,PointNet,359,7,52,3,13,0.7867,0.35,0.9455,0.4667,0.8527
Dataset_1,Right,PointNet,360,13,53,1,8,0.88,0.619,0.9815,0.7429,0.9339
Dataset_1,Right,PointNet,361,16,42,3,14,0.7733,0.5333,0.9333,0.6531,0.7911
Dataset_1,Right,PointNet,362,11,52,1,11,0.84,0.5,0.9811,0.6471,0.807
Dataset_1,Right,PointNet,363,13,56,1,5,0.92,0.7222,0.9825,0.8125,0.8363
Dataset_1,Right,PointNet,364,12,49,1,13,0.8133,0.48,0.98,0.6316,0.8704
Dataset_1,Right,PointNet,365,14,49,2,10,0.84,0.5833,0.9608,0.7,0.7533
Dataset_1,Right,PointNet,366,14,48,3,10,0.8267,0.5833,0.9412,0.6829,0.8317
Dataset_1,Right,PointNet,367,9,55,3,8,0.8533,0.5294,0.9483,0.6207,0.857
Dataset_1,Right,PointNet,368,9,59,1,6,0.9067,0.6,0.9833,0.72,0.8578
Dataset_1,Right,PointNet,369,9,56,0,10,0.8667,0.4737,1.0,0.6429,0.8684
Dataset_1,Right,PointNet,370,13,52,3,7,0.8667,0.65,0.9455,0.7222,0.8955
Dataset_1,Right,PointNet,371,9,58,1,7,0.8933,0.5625,0.9831,0.6923,0.928
Dataset_1,Right,PointNet,372,10,52,3,10,0.8267,0.5,0.9455,0.6061,0.8245
Dataset_1,Right,PointNet,373,5,57,1,12,0.8267,0.2941,0.9828,0.4348,0.7819
Dataset_1,Right,PointNet,374,14,52,2,7,0.88,0.6667,0.963,0.7568,0.8078
Dataset_1,Right,PointNet,375,14,52,4,5,0.88,0.7368,0.9286,0.7568,0.9126
Dataset_1,Right,PointNet,376,10,58,2,5,0.9067,0.6667,0.9667,0.7407,0.8756
Dataset_1,Right,PointNet,377,13,56,1,5,0.92,0.7222,0.9825,0.8125,0.9327
Dataset_1,Right,PointNet,378,8,58,1,8,0.88,0.5,0.9831,0.64,0.8252
Dataset_1,Right,PointNet,379,12,48,5,10,0.8,0.5455,0.9057,0.6154,0.8079
Dataset_1,Right,PointNet,380,16,47,4,8,0.84,0.6667,0.9216,0.7273,0.884
Dataset_1,Right,PointNet,381,9,52,3,11,0.8133,0.45,0.9455,0.5625,0.8773
Dataset_1,Right,PointNet,382,18,46,5,6,0.8533,0.75,0.902,0.766,0.8472
Dataset_1,Right,PointNet,383,10,56,3,6,0.88,0.625,0.9492,0.6897,0.7775
Dataset_1,Right,PointNet,384,16,51,4,4,0.8933,0.8,0.9273,0.8,0.8655
Dataset_1,Right,PointNet,385,8,56,1,10,0.8533,0.4444,0.9825,0.5926,0.8947
Dataset_1,Right,PointNet,386,10,50,4,11,0.8,0.4762,0.9259,0.5714,0.8598
Dataset_1,Right,PointNet,387,11,52,2,10,0.84,0.5238,0.963,0.6471,0.8907
Dataset_1,Right,PointNet,388,9,52,4,10,0.8133,0.4737,0.9286,0.5625,0.8468
Dataset_1,Right,PointNet,389,7,56,2,10,0.84,0.4118,0.9655,0.5385,0.8185
Dataset_1,Right,PointNet,390,11,56,1,7,0.8933,0.6111,0.9825,0.7333,0.8304
Dataset_1,Right,PointNet,391,13,52,4,6,0.8667,0.6842,0.9286,0.7222,0.9079
Dataset_1,Right,PointNet,392,17,46,3,9,0.84,0.6538,0.9388,0.7391,0.9356
Dataset_1,Right,PointNet,393,8,58,1,8,0.88,0.5,0.9831,0.64,0.6875
Dataset_1,Right,PointNet,394,15,44,2,14,0.7867,0.5172,0.9565,0.6522,0.8756
Dataset_1,Right,PointNet,395,14,51,2,8,0.8667,0.6364,0.9623,0.7368,0.8113
Dataset_1,Right,PointNet,396,8,52,5,10,0.8,0.4444,0.9123,0.5161,0.8752
Dataset_1,Right,PointNet,397,12,54,1,8,0.88,0.6,0.9818,0.7273,0.83
Dataset_1,Right,PointNet,398,14,44,6,11,0.7733,0.56,0.88,0.6222,0.8032
Dataset_1,Right,PointNet,399,9,59,1,6,0.9067,0.6,0.9833,0.72,0.93
Dataset_1,Right,PointNet,400,13,50,2,10,0.84,0.5652,0.9615,0.6842,0.9373
Dataset_1,Right,PointNet,401,8,56,2,9,0.8533,0.4706,0.9655,0.5926,0.9249
Dataset_1,Right,PointNet,402,14,51,3,7,0.8667,0.6667,0.9444,0.7368,0.8968
Dataset_1,Right,PointNet,403,10,48,7,10,0.7733,0.5,0.8727,0.5405,0.7864
Dataset_1,Right,PointNet,404,8,53,1,13,0.8133,0.381,0.9815,0.5333,0.7707
Dataset_1,Right,PointNet,405,12,54,1,8,0.88,0.6,0.9818,0.7273,0.92
Dataset_1,Right,PointNet,406,8,52,4,11,0.8,0.4211,0.9286,0.5161,0.8778
Dataset_1,Right,PointNet,407,13,57,0,5,0.9333,0.7222,1.0,0.8387,0.8938
Dataset_1,Right,PointNet,408,8,57,2,8,0.8667,0.5,0.9661,0.6154,0.7246
Dataset_1,Right,PointNet,409,12,55,1,7,0.8933,0.6316,0.9821,0.75,0.8477
Dataset_1,Right,PointNet,410,9,55,2,9,0.8533,0.5,0.9649,0.6207,0.806
Dataset_1,Right,PointNet,411,13,48,2,12,0.8133,0.52,0.96,0.65,0.8888
Dataset_1,Right,PointNet,412,12,51,4,8,0.84,0.6,0.9273,0.6667,0.8782
Dataset_1,Right,PointNet,413,16,44,3,12,0.8,0.5714,0.9362,0.6809,0.75
Dataset_1,Right,PointNet,414,13,50,1,11,0.84,0.5417,0.9804,0.6842,0.8913
Dataset_1,Right,PointNet,415,6,56,1,12,0.8267,0.3333,0.9825,0.48,0.8392
Dataset_1,Right,PointNet,416,9,50,2,14,0.7867,0.3913,0.9615,0.5294,0.8177
Dataset_1,Right,PointNet,417,9,56,2,8,0.8667,0.5294,0.9655,0.6429,0.7789
Dataset_1,Right,PointNet,418,10,52,3,10,0.8267,0.5,0.9455,0.6061,0.6645
Dataset_1,Right,PointNet,419,8,55,2,10,0.84,0.4444,0.9649,0.5714,0.7807
Dataset_1,Right,PointNet,420,10,56,2,7,0.88,0.5882,0.9655,0.6897,0.8955
Dataset_1,Right,PointNet,421,19,47,4,5,0.88,0.7917,0.9216,0.8085,0.8325
Dataset_1,Right,PointNet,422,9,56,2,8,0.8667,0.5294,0.9655,0.6429,0.9199
Dataset_1,Right,PointNet,423,11,53,3,8,0.8533,0.5789,0.9464,0.6667,0.8412
Dataset_1,Right,PointNet,424,10,59,1,5,0.92,0.6667,0.9833,0.7692,0.86
Dataset_1,Right,PointNet,425,14,51,0,10,0.8667,0.5833,1.0,0.7368,0.8513
Dataset_1,Right,PointNet,426,9,61,2,3,0.9333,0.75,0.9683,0.7826,0.9788
Dataset_1,Right,PointNet,427,15,49,2,9,0.8533,0.625,0.9608,0.7317,0.8832
Dataset_1,Right,PointNet,428,11,57,1,6,0.9067,0.6471,0.9828,0.7586,0.9807
Dataset_1,Right,PointNet,429,9,50,4,12,0.7867,0.4286,0.9259,0.5294,0.7346
Dataset_1,Right,PointNet,430,11,48,4,12,0.7867,0.4783,0.9231,0.5789,0.7968
Dataset_1,Right,PointNet,431,6,51,4,14,0.76,0.3,0.9273,0.4,0.7673
Dataset_1,Right,PointNet,432,11,48,2,14,0.7867,0.44,0.96,0.5789,0.7312
Dataset_1,Right,PointNet,433,11,47,1,16,0.7733,0.4074,0.9792,0.5641,0.7384
Dataset_1,Right,PointNet,434,8,55,0,12,0.84,0.4,1.0,0.5714,0.6755
Dataset_1,Right,PointNet,435,11,56,2,6,0.8933,0.6471,0.9655,0.7333,0.8854
Dataset_1,Right,PointNet,436,10,56,4,5,0.88,0.6667,0.9333,0.6897,0.9522
Dataset_1,Right,PointNet,437,15,52,3,5,0.8933,0.75,0.9455,0.7895,0.8718
Dataset_1,Right,PointNet,438,15,51,0,9,0.88,0.625,1.0,0.7692,0.8987
Dataset_1,Right,PointNet,439,10,49,2,14,0.7867,0.4167,0.9608,0.5556,0.7982
Dataset_1,Right,PointNet,440,4,58,4,9,0.8267,0.3077,0.9355,0.381,0.8114
Dataset_1,Right,PointNet,441,9,51,2,13,0.8,0.4091,0.9623,0.5455,0.8233
Dataset_1,Right,PointNet,442,11,50,4,10,0.8133,0.5238,0.9259,0.6111,0.776
Dataset_1,Right,PointNet,443,10,54,3,8,0.8533,0.5556,0.9474,0.6452,0.8635
Dataset_1,Right,PointNet,444,11,54,4,6,0.8667,0.6471,0.931,0.6875,0.856
Dataset_1,Right,PointNet,445,13,49,2,11,0.8267,0.5417,0.9608,0.6667,0.884
Dataset_1,Right,PointNet,446,14,48,0,13,0.8267,0.5185,1.0,0.6829,0.9815
Dataset_1,Right,PointNet,447,12,51,3,9,0.84,0.5714,0.9444,0.6667,0.8554
Dataset_1,Right,PointNet,448,14,47,4,10,0.8133,0.5833,0.9216,0.6667,0.8619
Dataset_1,Right,PointNet,449,12,55,2,6,0.8933,0.6667,0.9649,0.75,0.9298
Dataset_1,Right,PointNet,450,20,46,2,7,0.88,0.7407,0.9583,0.8163,0.9159
Dataset_1,Right,PointNet,451,17,44,3,11,0.8133,0.6071,0.9362,0.7083,0.7325
Dataset_1,Right,PointNet,452,8,57,1,9,0.8667,0.4706,0.9828,0.6154,0.9067
Dataset_1,Right,PointNet,453,17,43,5,10,0.8,0.6296,0.8958,0.6939,0.8804
Dataset_1,Right,PointNet,454,14,48,4,9,0.8267,0.6087,0.9231,0.6829,0.8161
Dataset_1,Right,PointNet,455,13,49,5,8,0.8267,0.619,0.9074,0.6667,0.8148
Dataset_1,Right,PointNet,456,9,58,0,8,0.8933,0.5294,1.0,0.6923,0.8661
Dataset_1,Right,PointNet,457,15,46,0,14,0.8133,0.5172,1.0,0.6818,0.9745
Dataset_1,Right,PointNet,458,14,52,1,8,0.88,0.6364,0.9811,0.7568,0.8997
Dataset_1,Right,PointNet,459,17,52,1,5,0.92,0.7727,0.9811,0.85,0.9494
Dataset_1,Right,PointNet,460,10,55,1,9,0.8667,0.5263,0.9821,0.6667,0.8694
Dataset_1,Right,PointNet,461,11,54,2,8,0.8667,0.5789,0.9643,0.6875,0.8656
Dataset_1,Right,PointNet,462,15,53,0,7,0.9067,0.6818,1.0,0.8108,0.8448
Dataset_1,Right,PointNet,463,13,52,1,9,0.8667,0.5909,0.9811,0.7222,0.7882
Dataset_1,Right,PointNet,464,6,61,2,6,0.8933,0.5,0.9683,0.6,0.869
Dataset_1,Right,PointNet,465,8,51,3,13,0.7867,0.381,0.9444,0.5,0.7531
Dataset_1,Right,PointNet,466,12,50,4,9,0.8267,0.5714,0.9259,0.6486,0.7945
Dataset_1,Right,PointNet,467,9,58,1,7,0.8933,0.5625,0.9831,0.6923,0.8972
Dataset_1,Right,PointNet,468,7,55,1,12,0.8267,0.3684,0.9821,0.5185,0.813
Dataset_1,Right,PointNet,469,9,56,1,9,0.8667,0.5,0.9825,0.6429,0.8879
Dataset_1,Right,PointNet,470,11,55,1,8,0.88,0.5789,0.9821,0.7097,0.8994
Dataset_1,Right,PointNet,471,10,54,3,8,0.8533,0.5556,0.9474,0.6452,0.8314
Dataset_1,Right,PointNet,472,13,52,2,8,0.8667,0.619,0.963,0.7222,0.8571
Dataset_1,Right,PointNet,473,15,44,4,12,0.7867,0.5556,0.9167,0.6522,0.8094
Dataset_1,Right,PointNet,474,9,57,1,8,0.88,0.5294,0.9828,0.6667,0.8093
Dataset_1,Right,PointNet,475,16,51,1,7,0.8933,0.6957,0.9808,0.8,0.8813
Dataset_1,Right,PointNet,476,10,56,1,8,0.88,0.5556,0.9825,0.6897,0.8197
Dataset_1,Right,PointNet,477,3,59,3,10,0.8267,0.2308,0.9516,0.3158,0.6675
Dataset_1,Right,PointNet,478,16,49,2,8,0.8667,0.6667,0.9608,0.7619,0.826
Dataset_1,Right,PointNet,479,8,55,5,7,0.84,0.5333,0.9167,0.5714,0.8411
Dataset_1,Right,PointNet,480,13,54,0,8,0.8933,0.619,1.0,0.7647,0.873
Dataset_1,Right,PointNet,481,10,50,3,12,0.8,0.4545,0.9434,0.5714,0.7847
Dataset_1,Right,PointNet,482,5,53,2,15,0.7733,0.25,0.9636,0.3704,0.7609
Dataset_1,Right,PointNet,483,11,53,4,7,0.8533,0.6111,0.9298,0.6667,0.9425
Dataset_1,Right,PointNet,484,8,49,3,15,0.76,0.3478,0.9423,0.4706,0.7458
Dataset_1,Right,PointNet,485,11,57,1,6,0.9067,0.6471,0.9828,0.7586,0.856
Dataset_1,Right,PointNet,486,12,48,4,11,0.8,0.5217,0.9231,0.6154,0.8654
Dataset_1,Right,PointNet,487,13,54,0,8,0.8933,0.619,1.0,0.7647,0.9198
Dataset_1,Right,PointNet,488,13,51,2,9,0.8533,0.5909,0.9623,0.7027,0.8353
Dataset_1,Right,PointNet,489,13,52,1,9,0.8667,0.5909,0.9811,0.7222,0.8628
Dataset_1,Right,PointNet,490,8,58,2,7,0.88,0.5333,0.9667,0.64,0.8844
Dataset_1,Right,PointNet,491,5,58,4,8,0.84,0.3846,0.9355,0.4545,0.7705
Dataset_1,Right,PointNet,492,12,49,1,13,0.8133,0.48,0.98,0.6316,0.7904
Dataset_1,Right,PointNet,493,10,58,2,5,0.9067,0.6667,0.9667,0.7407,0.9033
Dataset_1,Right,PointNet,494,8,59,1,7,0.8933,0.5333,0.9833,0.6667,0.7556
Dataset_1,Right,PointNet,495,10,51,4,10,0.8133,0.5,0.9273,0.5882,0.8345
Dataset_1,Right,PointNet,496,15,47,5,8,0.8267,0.6522,0.9038,0.6977,0.9005
Dataset_1,Right,PointNet,497,9,56,2,8,0.8667,0.5294,0.9655,0.6429,0.8438
Dataset_1,Right,PointNet,498,8,58,0,9,0.88,0.4706,1.0,0.64,0.8763
Dataset_1,Right,PointNet,499,15,53,1,6,0.9067,0.7143,0.9815,0.8108,0.9092
Dataset_1,Right,PointNet,500,14,49,2,10,0.84,0.5833,0.9608,0.7,0.8546
Dataset_1,Right,PointNet,501,7,57,4,7,0.8533,0.5,0.9344,0.56,0.8653
Dataset_1,Right,PointNet,502,13,51,1,10,0.8533,0.5652,0.9808,0.7027,0.8244
Dataset_1,Right,PointNet,503,15,45,1,14,0.8,0.5172,0.9783,0.6667,0.9108
Dataset_1,Right,PointNet,504,12,57,1,5,0.92,0.7059,0.9828,0.8,0.8671
Dataset_1,Right,PointNet,505,10,54,2,9,0.8533,0.5263,0.9643,0.6452,0.734
Dataset_1,Right,PointNet,506,11,55,2,7,0.88,0.6111,0.9649,0.7097,0.845
Dataset_1,Right,PointNet,507,11,51,3,10,0.8267,0.5238,0.9444,0.6286,0.8889
Dataset_1,Right,PointNet,508,10,50,4,11,0.8,0.4762,0.9259,0.5714,0.806
Dataset_1,Right,PointNet,509,7,54,4,10,0.8133,0.4118,0.931,0.5,0.6582
Dataset_1,Right,PointNet,510,11,55,0,9,0.88,0.55,1.0,0.7097,0.7727
Dataset_1,Right,PointNet,511,8,54,6,7,0.8267,0.5333,0.9,0.5517,0.87
Dataset_1,Right,PointNet,512,10,57,0,8,0.8933,0.5556,1.0,0.7143,0.9259
Dataset_1,Right,PointNet,513,14,53,1,7,0.8933,0.6667,0.9815,0.7778,0.9118
Dataset_1,Right,PointNet,514,8,54,1,12,0.8267,0.4,0.9818,0.5517,0.76
Dataset_1,Right,PointNet,515,9,52,0,14,0.8133,0.3913,1.0,0.5625,0.9498
Dataset_1,Right,PointNet,516,12,49,1,13,0.8133,0.48,0.98,0.6316,0.7304
Dataset_1,Right,PointNet,517,6,56,2,11,0.8267,0.3529,0.9655,0.48,0.8134
Dataset_1,Right,PointNet,518,9,50,3,13,0.7867,0.4091,0.9434,0.5294,0.7238
Dataset_1,Right,PointNet,519,9,58,1,7,0.8933,0.5625,0.9831,0.6923,0.9587
Dataset_1,Right,PointNet,520,11,58,0,6,0.92,0.6471,1.0,0.7857,0.8164
Dataset_1,Right,PointNet,521,9,55,5,6,0.8533,0.6,0.9167,0.6207,0.8756
Dataset_1,Right,PointNet,522,9,55,3,8,0.8533,0.5294,0.9483,0.6207,0.8083
Dataset_1,Right,PointNet,523,14,48,4,9,0.8267,0.6087,0.9231,0.6829,0.8244
Dataset_1,Right,PointNet,524,14,51,2,8,0.8667,0.6364,0.9623,0.7368,0.831
Dataset_1,Right,PointNet,525,15,51,0,9,0.88,0.625,1.0,0.7692,0.8783
Dataset_1,Right,PointNet,526,13,51,2,9,0.8533,0.5909,0.9623,0.7027,0.8576
Dataset_1,Right,PointNet,527,12,50,0,13,0.8267,0.48,1.0,0.6486,0.8056
Dataset_1,Right,PointNet,528,13,49,2,11,0.8267,0.5417,0.9608,0.6667,0.8317
Dataset_1,Right,PointNet,529,10,53,3,9,0.84,0.5263,0.9464,0.625,0.8383
Dataset_1,Right,PointNet,530,14,54,2,5,0.9067,0.7368,0.9643,0.8,0.8355
Dataset_1,Right,PointNet,531,15,48,2,10,0.84,0.6,0.96,0.7143,0.808
Dataset_1,Right,PointNet,532,9,56,1,9,0.8667,0.5,0.9825,0.6429,0.8801
Dataset_1,Right,PointNet,533,13,49,0,13,0.8267,0.5,1.0,0.6667,0.7983
Dataset_1,Right,PointNet,534,3,58,2,12,0.8133,0.2,0.9667,0.3,0.6744
Dataset_1,Right,PointNet,535,11,58,0,6,0.92,0.6471,1.0,0.7857,0.8732
Dataset_1,Right,PointNet,536,10,60,2,3,0.9333,0.7692,0.9677,0.8,0.9144
Dataset_1,Right,PointNet,537,4,64,1,6,0.9067,0.4,0.9846,0.5333,0.8354
Dataset_1,Right,PointNet,538,17,46,1,11,0.84,0.6071,0.9787,0.7391,0.8746
Dataset_1,Right,PointNet,539,8,48,5,14,0.7467,0.3636,0.9057,0.4571,0.8156
Dataset_1,Right,PointNet,540,12,49,3,11,0.8133,0.5217,0.9423,0.6316,0.8428
Dataset_1,Right,PointNet,541,12,53,2,8,0.8667,0.6,0.9636,0.7059,0.8764
Dataset_1,Right,PointNet,542,12,50,3,10,0.8267,0.5455,0.9434,0.6486,0.7727
Dataset_1,Right,PointNet,543,13,49,3,10,0.8267,0.5652,0.9423,0.6667,0.8077
Dataset_1,Right,PointNet,544,8,56,3,8,0.8533,0.5,0.9492,0.5926,0.8962
Dataset_1,Right,PointNet,545,7,51,1,16,0.7733,0.3043,0.9808,0.4516,0.7843
Dataset_1,Right,PointNet,546,8,52,3,12,0.8,0.4,0.9455,0.5161,0.7664
Dataset_1,Right,PointNet,547,12,54,1,8,0.88,0.6,0.9818,0.7273,0.8545
Dataset_1,Right,PointNet,548,10,51,3,11,0.8133,0.4762,0.9444,0.5882,0.7046
Dataset_1,Right,PointNet,549,10,55,2,8,0.8667,0.5556,0.9649,0.6667,0.9639
Dataset_1,Right,PointNet,550,6,52,2,15,0.7733,0.2857,0.963,0.4138,0.8245
Dataset_1,Right,PointNet,551,12,53,2,8,0.8667,0.6,0.9636,0.7059,0.8191
Dataset_1,Right,PointNet,552,13,50,4,8,0.84,0.619,0.9259,0.6842,0.8845
Dataset_1,Right,PointNet,553,12,51,1,11,0.84,0.5217,0.9808,0.6667,0.8395
Dataset_1,Right,PointNet,554,9,56,1,9,0.8667,0.5,0.9825,0.6429,0.8713
Dataset_1,Right,PointNet,555,13,55,2,5,0.9067,0.7222,0.9649,0.7879,0.8938
Dataset_1,Right,PointNet,556,11,56,3,5,0.8933,0.6875,0.9492,0.7333,0.9068
Dataset_1,Right,PointNet,557,14,43,4,14,0.76,0.5,0.9149,0.6087,0.8055
Dataset_1,Right,PointNet,558,14,52,2,7,0.88,0.6667,0.963,0.7568,0.8765
Dataset_1,Right,PointNet,559,9,54,1,11,0.84,0.45,0.9818,0.6,0.7064
Dataset_1,Right,PointNet,560,10,49,5,11,0.7867,0.4762,0.9074,0.5556,0.7337
Dataset_1,Right,PointNet,561,16,51,1,7,0.8933,0.6957,0.9808,0.8,0.862
Dataset_1,Right,PointNet,562,9,54,1,11,0.84,0.45,0.9818,0.6,0.8155
Dataset_1,Right,PointNet,563,5,60,2,8,0.8667,0.3846,0.9677,0.5,0.737
Dataset_1,Right,PointNet,564,9,54,5,7,0.84,0.5625,0.9153,0.6,0.875
Dataset_1,Right,PointNet,565,12,44,5,14,0.7467,0.4615,0.898,0.5581,0.6978
Dataset_1,Right,PointNet,566,13,53,2,7,0.88,0.65,0.9636,0.7429,0.7955
Dataset_1,Right,PointNet,567,11,54,3,7,0.8667,0.6111,0.9474,0.6875,0.9201
Dataset_1,Right,PointNet,568,17,50,1,7,0.8933,0.7083,0.9804,0.8095,0.9559
Dataset_1,Right,PointNet,569,5,57,5,8,0.8267,0.3846,0.9194,0.4348,0.7345
Dataset_1,Right,PointNet,570,9,56,2,8,0.8667,0.5294,0.9655,0.6429,0.7982
Dataset_1,Right,PointNet,571,13,54,2,6,0.8933,0.6842,0.9643,0.7647,0.8853
Dataset_1,Right,PointNet,572,13,51,1,10,0.8533,0.5652,0.9808,0.7027,0.8645
Dataset_1,Right,PointNet,573,4,61,0,10,0.8667,0.2857,1.0,0.4444,0.7845
Dataset_1,Right,PointNet,574,10,51,3,11,0.8133,0.4762,0.9444,0.5882,0.8801
Dataset_1,Right,PointNet,575,10,53,3,9,0.84,0.5263,0.9464,0.625,0.8722
Dataset_1,Right,PointNet,576,18,48,1,8,0.88,0.6923,0.9796,0.8,0.8995
Dataset_1,Right,PointNet,577,9,49,7,10,0.7733,0.4737,0.875,0.5143,0.7914
Dataset_1,Right,PointNet,578,12,52,4,7,0.8533,0.6316,0.9286,0.6857,0.8891
Dataset_1,Right,PointNet,579,12,47,3,13,0.7867,0.48,0.94,0.6,0.8704
Dataset_1,Right,PointNet,580,12,56,3,4,0.9067,0.75,0.9492,0.7742,0.9047
Dataset_1,Right,PointNet,581,2,63,0,10,0.8667,0.1667,1.0,0.2857,0.8228
Dataset_1,Right,PointNet,582,13,53,2,7,0.88,0.65,0.9636,0.7429,0.84
Dataset_1,Right,PointNet,583,15,49,3,8,0.8533,0.6522,0.9423,0.7317,0.8219
Dataset_1,Right,PointNet,584,12,44,1,18,0.7467,0.4,0.9778,0.5581,0.7096
Dataset_1,Right,PointNet,585,11,57,1,6,0.9067,0.6471,0.9828,0.7586,0.929
Dataset_1,Right,PointNet,586,9,54,3,9,0.84,0.5,0.9474,0.6,0.847
Dataset_1,Right,PointNet,587,13,49,3,10,0.8267,0.5652,0.9423,0.6667,0.8495
Dataset_1,Right,PointNet,588,12,57,2,4,0.92,0.75,0.9661,0.8,0.9216
Dataset_1,Right,PointNet,589,10,53,3,9,0.84,0.5263,0.9464,0.625,0.7068
Dataset_1,Right,PointNet,590,11,48,0,16,0.7867,0.4074,1.0,0.5789,0.8665
Dataset_1,Right,PointNet,591,15,46,2,12,0.8133,0.5556,0.9583,0.6818,0.8488
Dataset_1,Right,PointNet,592,11,49,2,13,0.8,0.4583,0.9608,0.5946,0.884
Dataset_1,Right,PointNet,593,10,55,0,10,0.8667,0.5,1.0,0.6667,0.8109
Dataset_1,Right,PointNet,594,10,55,6,4,0.8667,0.7143,0.9016,0.6667,0.8782
Dataset_1,Right,PointNet,595,17,46,3,9,0.84,0.6538,0.9388,0.7391,0.8713
Dataset_1,Right,PointNet,596,14,51,3,7,0.8667,0.6667,0.9444,0.7368,0.8457
Dataset_1,Right,PointNet,597,8,59,1,7,0.8933,0.5333,0.9833,0.6667,0.8256
Dataset_1,Right,PointNet,598,11,56,1,7,0.8933,0.6111,0.9825,0.7333,0.9366
Dataset_1,Right,PointNet,599,10,54,3,8,0.8533,0.5556,0.9474,0.6452,0.7914
Dataset_1,Right,PointNet,600,10,54,1,10,0.8533,0.5,0.9818,0.6452,0.7155
Dataset_1,Right,PointNet,601,17,47,2,9,0.8533,0.6538,0.9592,0.7556,0.8854
Dataset_1,Right,PointNet,602,17,47,2,9,0.8533,0.6538,0.9592,0.7556,0.8297
Dataset_1,Right,PointNet,603,8,55,0,12,0.84,0.4,1.0,0.5714,0.7664
Dataset_1,Right,PointNet,604,15,47,2,11,0.8267,0.5769,0.9592,0.6977,0.8391
Dataset_1,Right,PointNet,605,13,56,1,5,0.92,0.7222,0.9825,0.8125,0.8577
Dataset_1,Right,PointNet,606,12,49,1,13,0.8133,0.48,0.98,0.6316,0.8136
Dataset_1,Right,PointNet,607,11,51,3,10,0.8267,0.5238,0.9444,0.6286,0.7646
Dataset_1,Right,PointNet,608,7,64,2,2,0.9467,0.7778,0.9697,0.7778,0.9781
Dataset_1,Right,PointNet,609,6,60,2,7,0.88,0.4615,0.9677,0.5714,0.8176
Dataset_1,Right,PointNet,610,8,57,3,7,0.8667,0.5333,0.95,0.6154,0.8456
Dataset_1,Right,PointNet,611,12,49,4,10,0.8133,0.5455,0.9245,0.6316,0.8216
Dataset_1,Right,PointNet,612,13,52,0,10,0.8667,0.5652,1.0,0.7222,0.954
Dataset_1,Right,PointNet,613,11,48,1,15,0.7867,0.4231,0.9796,0.5789,0.7221
Dataset_1,Right,PointNet,614,14,53,2,6,0.8933,0.7,0.9636,0.7778,0.9009
Dataset_1,Right,PointNet,615,11,47,3,14,0.7733,0.44,0.94,0.5641,0.8352
Dataset_1,Right,PointNet,616,10,58,2,5,0.9067,0.6667,0.9667,0.7407,0.8689
Dataset_1,Right,PointNet,617,13,59,1,2,0.96,0.8667,0.9833,0.8966,0.9711
Dataset_1,Right,PointNet,618,10,52,1,12,0.8267,0.4545,0.9811,0.6061,0.8551
Dataset_1,Right,PointNet,619,11,55,1,8,0.88,0.5789,0.9821,0.7097,0.7585
Dataset_1,Right,PointNet,620,15,52,1,7,0.8933,0.6818,0.9811,0.7895,0.9185
Dataset_1,Right,PointNet,621,16,50,0,9,0.88,0.64,1.0,0.7805,0.8336
Dataset_1,Right,PointNet,622,16,50,2,7,0.88,0.6957,0.9615,0.7805,0.954
Dataset_1,Right,PointNet,623,10,52,2,11,0.8267,0.4762,0.963,0.6061,0.9198
Dataset_1,Right,PointNet,624,10,52,3,10,0.8267,0.5,0.9455,0.6061,0.7827
Dataset_1,Right,PointNet,625,11,54,1,9,0.8667,0.55,0.9818,0.6875,0.8318
Dataset_1,Right,PointNet,626,12,52,3,8,0.8533,0.6,0.9455,0.6857,0.8191
Dataset_1,Right,PointNet,627,7,57,1,10,0.8533,0.4118,0.9828,0.56,0.9199
Dataset_1,Right,PointNet,628,13,52,0,10,0.8667,0.5652,1.0,0.7222,0.9206
Dataset_1,Right,PointNet,629,6,56,3,10,0.8267,0.375,0.9492,0.48,0.7436
Dataset_1,Right,PointNet,630,11,52,0,12,0.84,0.4783,1.0,0.6471,0.8871
Dataset_1,Right,PointNet,631,9,54,1,11,0.84,0.45,0.9818,0.6,0.9045
Dataset_1,Right,PointNet,632,9,52,1,13,0.8133,0.4091,0.9811,0.5625,0.8259
Dataset_1,Right,PointNet,633,10,56,3,6,0.88,0.625,0.9492,0.6897,0.8623
Dataset_1,Right,PointNet,634,12,49,3,11,0.8133,0.5217,0.9423,0.6316,0.7433
Dataset_1,Right,PointNet,635,16,47,1,11,0.84,0.5926,0.9792,0.7273,0.8449
Dataset_1,Right,PointNet,636,13,53,2,7,0.88,0.65,0.9636,0.7429,0.8755
Dataset_1,Right,PointNet,637,10,54,0,11,0.8533,0.4762,1.0,0.6452,0.8642
Dataset_1,Right,PointNet,638,15,49,2,9,0.8533,0.625,0.9608,0.7317,0.9003
Dataset_1,Right,PointNet,639,8,54,1,12,0.8267,0.4,0.9818,0.5517,0.7364
Dataset_1,Right,PointNet,640,13,47,3,12,0.8,0.52,0.94,0.6341,0.8328
Dataset_1,Right,PointNet,641,15,53,3,4,0.9067,0.7895,0.9464,0.8108,0.8806
Dataset_1,Right,PointNet,642,9,54,1,11,0.84,0.45,0.9818,0.6,0.8982
Dataset_1,Right,PointNet,643,7,61,2,5,0.9067,0.5833,0.9683,0.6667,0.869
Dataset_1,Right,PointNet,644,15,49,4,7,0.8533,0.6818,0.9245,0.7317,0.8345
Dataset_1,Right,PointNet,645,8,59,0,8,0.8933,0.5,1.0,0.6667,0.8528
Dataset_1,Right,PointNet,646,7,56,3,9,0.84,0.4375,0.9492,0.5385,0.7934
Dataset_1,Right,PointNet,647,10,51,2,12,0.8133,0.4545,0.9623,0.5882,0.8353
Dataset_1,Right,PointNet,648,9,45,4,17,0.72,0.3462,0.9184,0.4615,0.7818
Dataset_1,Right,PointNet,649,14,50,2,9,0.8533,0.6087,0.9615,0.7179,0.8403
Dataset_1,Right,PointNet,650,11,54,1,9,0.8667,0.55,0.9818,0.6875,0.9318
Dataset_1,Right,PointNet,651,11,56,1,7,0.8933,0.6111,0.9825,0.7333,0.8626
Dataset_1,Right,PointNet,652,11,54,1,9,0.8667,0.55,0.9818,0.6875,0.8418
Dataset_1,Right,PointNet,653,14,52,2,7,0.88,0.6667,0.963,0.7568,0.9074
Dataset_1,Right,PointNet,654,7,56,2,10,0.84,0.4118,0.9655,0.5385,0.8732
Dataset_1,Right,PointNet,655,10,54,1,10,0.8533,0.5,0.9818,0.6452,0.7973
Dataset_1,Right,PointNet,656,8,56,3,8,0.8533,0.5,0.9492,0.5926,0.7108
Dataset_1,Right,PointNet,657,5,58,3,9,0.84,0.3571,0.9508,0.4545,0.7857
Dataset_1,Right,PointNet,658,8,57,1,9,0.8667,0.4706,0.9828,0.6154,0.9158
Dataset_1,Right,PointNet,659,11,53,3,8,0.8533,0.5789,0.9464,0.6667,0.8534
Dataset_1,Right,PointNet,660,13,56,1,5,0.92,0.7222,0.9825,0.8125,0.8148
Dataset_1,Right,PointNet,661,5,52,5,13,0.76,0.2778,0.9123,0.3571,0.7934
Dataset_1,Right,PointNet,662,12,57,2,4,0.92,0.75,0.9661,0.8,0.8549
Dataset_1,Right,PointNet,663,15,45,4,11,0.8,0.5769,0.9184,0.6667,0.7567
Dataset_1,Right,PointNet,664,9,56,3,7,0.8667,0.5625,0.9492,0.6429,0.7956
Dataset_1,Right,PointNet,665,15,54,1,5,0.92,0.75,0.9818,0.8333,0.9227
Dataset_1,Right,PointNet,666,13,48,7,7,0.8133,0.65,0.8727,0.65,0.8409
Dataset_1,Right,PointNet,667,11,54,2,8,0.8667,0.5789,0.9643,0.6875,0.8336
Dataset_1,Right,PointNet,668,10,50,8,7,0.8,0.5882,0.8621,0.5714,0.8834
Dataset_1,Right,PointNet,669,14,52,2,7,0.88,0.6667,0.963,0.7568,0.8272
Dataset_1,Right,PointNet,670,9,58,2,6,0.8933,0.6,0.9667,0.6923,0.8589
Dataset_1,Right,PointNet,671,6,56,7,6,0.8267,0.5,0.8889,0.48,0.7672
Dataset_1,Right,PointNet,672,16,55,0,4,0.9467,0.8,1.0,0.8889,0.9427
Dataset_1,Right,PointNet,673,16,50,0,9,0.88,0.64,1.0,0.7805,0.8352
Dataset_1,Right,PointNet,674,13,52,5,5,0.8667,0.7222,0.9123,0.7222,0.8441
Dataset_1,Right,PointNet,675,14,49,2,10,0.84,0.5833,0.9608,0.7,0.8799
Dataset_1,Right,PointNet,676,14,45,4,12,0.7867,0.5385,0.9184,0.6364,0.7418
Dataset_1,Right,PointNet,677,3,58,3,11,0.8133,0.2143,0.9508,0.3,0.7084
Dataset_1,Right,PointNet,678,9,50,2,14,0.7867,0.3913,0.9615,0.5294,0.8077
Dataset_1,Right,PointNet,679,12,53,2,8,0.8667,0.6,0.9636,0.7059,0.82
Dataset_1,Right,PointNet,680,14,50,0,11,0.8533,0.56,1.0,0.7179,0.9096
Dataset_1,Right,PointNet,681,6,55,7,7,0.8133,0.4615,0.8871,0.4615,0.7705
Dataset_1,Right,PointNet,682,17,50,1,7,0.8933,0.7083,0.9804,0.8095,0.9085
Dataset_1,Right,PointNet,683,13,52,0,10,0.8667,0.5652,1.0,0.7222,0.8478
Dataset_1,Right,PointNet,684,10,55,3,7,0.8667,0.5882,0.9483,0.6667,0.8499
Dataset_1,Right,PointNet,685,10,57,4,4,0.8933,0.7143,0.9344,0.7143,0.8501
Dataset_1,Right,PointNet,686,10,48,2,15,0.7733,0.4,0.96,0.5405,0.828
Dataset_1,Right,PointNet,687,10,53,3,9,0.84,0.5263,0.9464,0.625,0.8055
Dataset_1,Right,PointNet,688,10,51,2,12,0.8133,0.4545,0.9623,0.5882,0.8233
Dataset_1,Right,PointNet,689,16,49,1,9,0.8667,0.64,0.98,0.7619,0.8864
Dataset_1,Right,PointNet,690,15,55,1,4,0.9333,0.7895,0.9821,0.8571,0.953
Dataset_1,Right,PointNet,691,9,59,2,5,0.9067,0.6429,0.9672,0.72,0.9333
Dataset_1,Right,PointNet,692,8,55,4,8,0.84,0.5,0.9322,0.5714,0.8591
Dataset_1,Right,PointNet,693,14,51,5,5,0.8667,0.7368,0.9107,0.7368,0.8694
Dataset_1,Right,PointNet,694,7,51,4,13,0.7733,0.35,0.9273,0.4516,0.6591
Dataset_1,Right,PointNet,695,15,47,3,10,0.8267,0.6,0.94,0.6977,0.8376
Dataset_1,Right,PointNet,696,10,50,2,13,0.8,0.4348,0.9615,0.5714,0.7023
Dataset_1,Right,PointNet,697,9,59,0,7,0.9067,0.5625,1.0,0.72,0.9089
Dataset_1,Right,PointNet,698,10,48,5,12,0.7733,0.4545,0.9057,0.5405,0.789
Dataset_1,Right,PointNet,699,12,53,2,8,0.8667,0.6,0.9636,0.7059,0.87
Dataset_1,Right,PointNet,700,9,58,1,7,0.8933,0.5625,0.9831,0.6923,0.8697
Dataset_1,Right,PointNet,701,9,57,3,6,0.88,0.6,0.95,0.6667,0.89
Dataset_1,Right,PointNet,702,11,52,1,11,0.84,0.5,0.9811,0.6471,0.8002
Dataset_1,Right,PointNet,703,7,59,2,7,0.88,0.5,0.9672,0.6087,0.7963
Dataset_1,Right,PointNet,704,9,56,3,7,0.8667,0.5625,0.9492,0.6429,0.6917
Dataset_1,Right,PointNet,705,13,48,1,13,0.8133,0.5,0.9796,0.65,0.8768
Dataset_1,Right,PointNet,706,13,45,3,14,0.7733,0.4815,0.9375,0.6047,0.7978
Dataset_1,Right,PointNet,707,15,50,2,8,0.8667,0.6522,0.9615,0.75,0.8963
Dataset_1,Right,PointNet,708,12,54,1,8,0.88,0.6,0.9818,0.7273,0.7636
Dataset_1,Right,PointNet,709,10,54,1,10,0.8533,0.5,0.9818,0.6452,0.8436
Dataset_1,Right,PointNet,710,12,44,4,15,0.7467,0.4444,0.9167,0.5581,0.7515
Dataset_1,Right,PointNet,711,12,54,0,9,0.88,0.5714,1.0,0.7273,0.8792
Dataset_1,Right,PointNet,712,14,53,2,6,0.8933,0.7,0.9636,0.7778,0.8882
Dataset_1,Right,PointNet,713,8,54,2,11,0.8267,0.4211,0.9643,0.5517,0.7679
Dataset_1,Right,PointNet,714,8,54,2,11,0.8267,0.4211,0.9643,0.5517,0.8167
Dataset_1,Right,PointNet,715,12,48,1,14,0.8,0.4615,0.9796,0.6154,0.8454
Dataset_1,Right,PointNet,716,13,50,2,10,0.84,0.5652,0.9615,0.6842,0.7667
Dataset_1,Right,PointNet,717,14,52,1,8,0.88,0.6364,0.9811,0.7568,0.8671
Dataset_1,Right,PointNet,718,8,53,4,10,0.8133,0.4444,0.9298,0.5333,0.9269
Dataset_1,Right,PointNet,719,18,49,1,7,0.8933,0.72,0.98,0.8182,0.9136
Dataset_1,Right,PointNet,720,9,55,1,10,0.8533,0.4737,0.9821,0.6207,0.8553
Dataset_1,Right,PointNet,721,15,48,1,11,0.84,0.5769,0.9796,0.7143,0.8359
Dataset_1,Right,PointNet,722,12,48,5,10,0.8,0.5455,0.9057,0.6154,0.7779
Dataset_1,Right,PointNet,723,19,46,1,9,0.8667,0.6786,0.9787,0.7917,0.8883
Dataset_1,Right,PointNet,724,12,48,4,11,0.8,0.5217,0.9231,0.6154,0.8344
Dataset_1,Right,PointNet,725,15,52,1,7,0.8933,0.6818,0.9811,0.7895,0.8525
Dataset_1,Right,PointNet,726,12,51,2,10,0.84,0.5455,0.9623,0.6667,0.9031
Dataset_1,Right,PointNet,727,13,45,2,15,0.7733,0.4643,0.9574,0.6047,0.7622
Dataset_1,Right,PointNet,728,10,56,1,8,0.88,0.5556,0.9825,0.6897,0.8801
Dataset_1,Right,PointNet,729,12,50,2,11,0.8267,0.5217,0.9615,0.6486,0.8186
Dataset_1,Right,PointNet,730,8,58,1,8,0.88,0.5,0.9831,0.64,0.8581
Dataset_1,Right,PointNet,731,9,54,4,8,0.84,0.5294,0.931,0.6,0.8621
Dataset_1,Right,PointNet,732,10,54,2,9,0.8533,0.5263,0.9643,0.6452,0.8383
Dataset_1,Right,PointNet,733,14,55,1,5,0.92,0.7368,0.9821,0.8235,0.8882
Dataset_1,Right,PointNet,734,14,50,0,11,0.8533,0.56,1.0,0.7179,0.8136
Dataset_1,Right,PointNet,735,12,55,2,6,0.8933,0.6667,0.9649,0.75,0.8684
Dataset_1,Right,PointNet,736,15,51,0,9,0.88,0.625,1.0,0.7692,0.9093
Dataset_1,Right,PointNet,737,16,47,4,8,0.84,0.6667,0.9216,0.7273,0.8864
Dataset_1,Right,PointNet,738,16,47,1,11,0.84,0.5926,0.9792,0.7273,0.8326
Dataset_1,Right,PointNet,739,11,53,2,9,0.8533,0.55,0.9636,0.6667,0.7391
Dataset_1,Right,PointNet,740,7,58,2,8,0.8667,0.4667,0.9667,0.5833,0.9111
Dataset_1,Right,PointNet,741,17,46,4,8,0.84,0.68,0.92,0.7391,0.8248
Dataset_1,Right,PointNet,742,17,44,2,12,0.8133,0.5862,0.9565,0.7083,0.8118
Dataset_1,Right,PointNet,743,8,57,1,9,0.8667,0.4706,0.9828,0.6154,0.8296
Dataset_1,Right,PointNet,744,11,53,2,9,0.8533,0.55,0.9636,0.6667,0.8482
Dataset_1,Right,PointNet,745,8,52,1,14,0.8,0.3636,0.9811,0.5161,0.8242
Dataset_1,Right,PointNet,746,12,49,5,9,0.8133,0.5714,0.9074,0.6316,0.7302
Dataset_1,Right,PointNet,747,13,44,4,14,0.76,0.4815,0.9167,0.5909,0.8264
Dataset_1,Right,PointNet,748,16,53,2,4,0.92,0.8,0.9636,0.8421,0.9345
Dataset_1,Right,PointNet,749,7,62,0,6,0.92,0.5385,1.0,0.7,0.9107
Dataset_1,Right,PointNet,750,11,50,3,11,0.8133,0.5,0.9434,0.6111,0.8345
Dataset_1,Right,PointNet,751,10,54,4,7,0.8533,0.5882,0.931,0.6452,0.857
Dataset_1,Right,PointNet,752,13,51,1,10,0.8533,0.5652,0.9808,0.7027,0.8946
Dataset_1,Right,PointNet,753,11,51,1,12,0.8267,0.4783,0.9808,0.6286,0.7784
Dataset_1,Right,PointNet,754,9,56,4,6,0.8667,0.6,0.9333,0.6429,0.8733
Dataset_1,Right,PointNet,755,16,53,1,5,0.92,0.7619,0.9815,0.8421,0.9198
Dataset_1,Right,PointNet,756,16,50,1,8,0.88,0.6667,0.9804,0.7805,0.9224
Dataset_1,Right,PointNet,757,13,46,1,15,0.7867,0.4643,0.9787,0.619,0.7188
Dataset_1,Right,PointNet,758,9,55,1,10,0.8533,0.4737,0.9821,0.6207,0.8008
Dataset_1,Right,PointNet,759,13,54,3,5,0.8933,0.7222,0.9474,0.7647,0.7953
Dataset_1,Right,PointNet,760,9,56,3,7,0.8667,0.5625,0.9492,0.6429,0.803
Dataset_1,Right,PointNet,761,13,54,2,6,0.8933,0.6842,0.9643,0.7647,0.8637
Dataset_1,Right,PointNet,762,10,55,2,8,0.8667,0.5556,0.9649,0.6667,0.8421
Dataset_1,Right,PointNet,763,15,50,2,8,0.8667,0.6522,0.9615,0.75,0.9314
Dataset_1,Right,PointNet,764,10,50,2,13,0.8,0.4348,0.9615,0.5714,0.8462
Dataset_1,Right,PointNet,765,12,47,4,12,0.7867,0.5,0.9216,0.6,0.8284
Dataset_1,Right,PointNet,766,12,55,3,5,0.8933,0.7059,0.9483,0.75,0.9097
Dataset_1,Right,PointNet,767,10,56,2,7,0.88,0.5882,0.9655,0.6897,0.8519
Dataset_1,Right,PointNet,768,12,48,3,12,0.8,0.5,0.9412,0.6154,0.7892
Dataset_1,Right,PointNet,769,10,57,0,8,0.8933,0.5556,1.0,0.7143,0.8187
Dataset_1,Right,PointNet,770,9,54,3,9,0.84,0.5,0.9474,0.6,0.8168
Dataset_1,Right,PointNet,771,9,55,2,9,0.8533,0.5,0.9649,0.6207,0.8441
Dataset_1,Right,PointNet,772,15,54,0,6,0.92,0.7143,1.0,0.8333,0.8959
Dataset_1,Right,PointNet,773,16,52,2,5,0.9067,0.7619,0.963,0.8205,0.9683
Dataset_1,Right,PointNet,774,12,52,3,8,0.8533,0.6,0.9455,0.6857,0.8609
Dataset_1,Right,PointNet,775,9,55,3,8,0.8533,0.5294,0.9483,0.6207,0.7779
Dataset_1,Right,PointNet,776,14,51,0,10,0.8667,0.5833,1.0,0.7368,0.9306
Dataset_1,Right,PointNet,777,12,41,9,13,0.7067,0.48,0.82,0.5217,0.6656
Dataset_1,Right,PointNet,778,16,51,2,6,0.8933,0.7273,0.9623,0.8,0.8877
Dataset_1,Right,PointNet,779,15,43,3,14,0.7733,0.5172,0.9348,0.6383,0.7931
Dataset_1,Right,PointNet,780,7,49,2,17,0.7467,0.2917,0.9608,0.4242,0.7492
Dataset_1,Right,PointNet,781,9,56,1,9,0.8667,0.5,0.9825,0.6429,0.8655
Dataset_1,Right,PointNet,782,13,51,0,11,0.8533,0.5417,1.0,0.7027,0.9077
Dataset_1,Right,PointNet,783,10,55,2,8,0.8667,0.5556,0.9649,0.6667,0.8099
Dataset_1,Right,PointNet,784,9,55,4,7,0.8533,0.5625,0.9322,0.6207,0.8273
Dataset_1,Right,PointNet,785,9,58,1,7,0.8933,0.5625,0.9831,0.6923,0.7977
Dataset_1,Right,PointNet,786,8,56,2,9,0.8533,0.4706,0.9655,0.5926,0.7495
Dataset_1,Right,PointNet,787,10,57,0,8,0.8933,0.5556,1.0,0.7143,0.9454
Dataset_1,Right,PointNet,788,16,52,2,5,0.9067,0.7619,0.963,0.8205,0.9145
Dataset_1,Right,PointNet,789,13,54,1,7,0.8933,0.65,0.9818,0.7647,0.9155
Dataset_1,Right,PointNet,790,9,56,2,8,0.8667,0.5294,0.9655,0.6429,0.8651
Dataset_1,Right,PointNet,791,10,46,3,16,0.7467,0.3846,0.9388,0.5128,0.748
Dataset_1,Right,PointNet,792,16,52,2,5,0.9067,0.7619,0.963,0.8205,0.8483
Dataset_1,Right,PointNet,793,16,43,2,14,0.7867,0.5333,0.9556,0.6667,0.9044
Dataset_1,Right,PointNet,794,13,49,4,9,0.8267,0.5909,0.9245,0.6667,0.7959
Dataset_1,Right,PointNet,795,11,55,4,5,0.88,0.6875,0.9322,0.7097,0.8761
Dataset_1,Right,PointNet,796,17,51,2,5,0.9067,0.7727,0.9623,0.8293,0.9288
Dataset_1,Right,PointNet,797,17,53,0,5,0.9333,0.7727,1.0,0.8718,0.9494
Dataset_1,Right,PointNet,798,12,48,2,13,0.8,0.48,0.96,0.6154,0.7208
Dataset_1,Right,PointNet,799,15,48,5,7,0.84,0.6818,0.9057,0.7143,0.7607
Dataset_1,Right,PointNet,800,13,55,1,6,0.9067,0.6842,0.9821,0.7879,0.937
Dataset_1,Right,PointNet,801,13,53,1,8,0.88,0.619,0.9815,0.7429,0.9198
Dataset_1,Right,PointNet,802,10,54,0,11,0.8533,0.4762,1.0,0.6452,0.7725
Dataset_1,Right,PointNet,803,15,52,0,8,0.8933,0.6522,1.0,0.7895,0.9239
Dataset_1,Right,PointNet,804,7,60,3,5,0.8933,0.5833,0.9524,0.6364,0.9405
Dataset_1,Right,PointNet,805,13,49,0,13,0.8267,0.5,1.0,0.6667,0.8093
Dataset_1,Right,PointNet,806,10,48,3,14,0.7733,0.4167,0.9412,0.5405,0.8072
Dataset_1,Right,PointNet,807,11,51,3,10,0.8267,0.5238,0.9444,0.6286,0.9092
Dataset_1,Right,PointNet,808,15,46,4,10,0.8133,0.6,0.92,0.6818,0.8336
Dataset_1,Right,PointNet,809,13,53,1,8,0.88,0.619,0.9815,0.7429,0.851
Dataset_1,Right,PointNet,810,7,58,1,9,0.8667,0.4375,0.9831,0.5833,0.7405
Dataset_1,Right,PointNet,811,14,54,2,5,0.9067,0.7368,0.9643,0.8,0.8355
Dataset_1,Right,PointNet,812,17,49,1,8,0.88,0.68,0.98,0.7907,0.8128
Dataset_1,Right,PointNet,813,12,52,4,7,0.8533,0.6316,0.9286,0.6857,0.7848
Dataset_1,Right,PointNet,814,11,52,3,9,0.84,0.55,0.9455,0.6471,0.8936
Dataset_1,Right,PointNet,815,7,54,3,11,0.8133,0.3889,0.9474,0.5,0.8207
Dataset_1,Right,PointNet,816,8,61,4,2,0.92,0.8,0.9385,0.7273,0.9662
Dataset_1,Right,PointNet,817,9,52,2,12,0.8133,0.4286,0.963,0.5625,0.7972
Dataset_1,Right,PointNet,818,14,49,2,10,0.84,0.5833,0.9608,0.7,0.8717
Dataset_1,Right,PointNet,819,8,56,4,7,0.8533,0.5333,0.9333,0.5926,0.7978
Dataset_1,Right,PointNet,820,16,51,0,8,0.8933,0.6667,1.0,0.8,0.9158
Dataset_1,Right,PointNet,821,15,48,3,9,0.84,0.625,0.9412,0.7143,0.7917
Dataset_1,Right,PointNet,822,7,55,2,11,0.8267,0.3889,0.9649,0.5185,0.8363
Dataset_1,Right,PointNet,823,14,50,0,11,0.8533,0.56,1.0,0.7179,0.7992
Dataset_1,Right,PointNet,824,11,55,2,7,0.88,0.6111,0.9649,0.7097,0.9074
Dataset_1,Right,PointNet,825,9,60,1,5,0.92,0.6429,0.9836,0.75,0.8173
Dataset_1,Right,PointNet,826,12,48,1,14,0.8,0.4615,0.9796,0.6154,0.792
Dataset_1,Right,PointNet,827,11,54,2,8,0.8667,0.5789,0.9643,0.6875,0.781
Dataset_1,Right,PointNet,828,7,54,2,12,0.8133,0.3684,0.9643,0.5,0.7848
Dataset_1,Right,PointNet,829,12,48,2,13,0.8,0.48,0.96,0.6154,0.7168
Dataset_1,Right,PointNet,830,11,53,2,9,0.8533,0.55,0.9636,0.6667,0.7782
Dataset_1,Right,PointNet,831,16,56,1,2,0.96,0.8889,0.9825,0.9143,0.9542
Dataset_1,Right,PointNet,832,13,51,3,8,0.8533,0.619,0.9444,0.7027,0.8792
Dataset_1,Right,PointNet,833,7,54,5,9,0.8133,0.4375,0.9153,0.5,0.7977
Dataset_1,Right,PointNet,834,10,56,0,9,0.88,0.5263,1.0,0.6897,0.8976
Dataset_1,Right,PointNet,835,10,50,4,11,0.8,0.4762,0.9259,0.5714,0.739
Dataset_1,Right,PointNet,836,14,50,1,10,0.8533,0.5833,0.9804,0.7179,0.8946
Dataset_1,Right,PointNet,837,9,50,6,10,0.7867,0.4737,0.8929,0.5294,0.8158
Dataset_1,Right,PointNet,838,14,51,0,10,0.8667,0.5833,1.0,0.7368,0.7549
Dataset_1,Right,PointNet,839,12,47,3,13,0.7867,0.48,0.94,0.6,0.808
Dataset_1,Right,PointNet,840,14,51,2,8,0.8667,0.6364,0.9623,0.7368,0.916
Dataset_1,Right,PointNet,841,13,56,0,6,0.92,0.6842,1.0,0.8125,0.8393
Dataset_1,Right,PointNet,842,14,53,2,6,0.8933,0.7,0.9636,0.7778,0.8573
Dataset_1,Right,PointNet,843,6,54,3,12,0.8,0.3333,0.9474,0.4444,0.6404
Dataset_1,Right,PointNet,844,11,55,3,6,0.88,0.6471,0.9483,0.7097,0.8854
Dataset_1,Right,PointNet,845,13,53,4,5,0.88,0.7222,0.9298,0.7429,0.8382
Dataset_1,Right,PointNet,846,9,56,0,10,0.8667,0.4737,1.0,0.6429,0.8073
Dataset_1,Right,PointNet,847,16,46,2,11,0.8267,0.5926,0.9583,0.7111,0.8295
Dataset_1,Right,PointNet,848,8,49,3,15,0.76,0.3478,0.9423,0.4706,0.7391
Dataset_1,Right,PointNet,849,13,52,2,8,0.8667,0.619,0.963,0.7222,0.8633
Dataset_1,Right,PointNet,850,14,53,2,6,0.8933,0.7,0.9636,0.7778,0.8982
Dataset_1,Right,PointNet,851,8,60,2,5,0.9067,0.6154,0.9677,0.6957,0.9727
Dataset_1,Right,PointNet,852,8,59,2,6,0.8933,0.5714,0.9672,0.6667,0.9602
Dataset_1,Right,PointNet,853,9,53,2,11,0.8267,0.45,0.9636,0.5806,0.6882
Dataset_1,Right,PointNet,854,8,59,0,8,0.8933,0.5,1.0,0.6667,0.965
Dataset_1,Right,PointNet,855,7,55,4,9,0.8267,0.4375,0.9322,0.5185,0.8305
Dataset_1,Right,PointNet,856,15,48,1,11,0.84,0.5769,0.9796,0.7143,0.7127
Dataset_1,Right,PointNet,857,11,46,3,15,0.76,0.4231,0.9388,0.55,0.8061
Dataset_1,Right,PointNet,858,14,48,3,10,0.8267,0.5833,0.9412,0.6829,0.8922
Dataset_1,Right,PointNet,859,16,49,1,9,0.8667,0.64,0.98,0.7619,0.872
Dataset_1,Right,PointNet,860,10,53,4,8,0.84,0.5556,0.9298,0.625,0.6667
Dataset_1,Right,PointNet,861,13,56,1,5,0.92,0.7222,0.9825,0.8125,0.9786
Dataset_1,Right,PointNet,862,9,57,2,7,0.88,0.5625,0.9661,0.6667,0.8189
Dataset_1,Right,PointNet,863,17,47,3,8,0.8533,0.68,0.94,0.7556,0.9264
Dataset_1,Right,PointNet,864,16,50,0,9,0.88,0.64,1.0,0.7805,0.9208
Dataset_1,Right,PointNet,865,11,52,5,7,0.84,0.6111,0.9123,0.6471,0.8782
Dataset_1,Right,PointNet,866,11,57,0,7,0.9067,0.6111,1.0,0.7586,0.8879
Dataset_1,Right,PointNet,867,12,48,2,13,0.8,0.48,0.96,0.6154,0.716
Dataset_1,Right,PointNet,868,8,58,2,7,0.88,0.5333,0.9667,0.64,0.8456
Dataset_1,Right,PointNet,869,9,54,1,11,0.84,0.45,0.9818,0.6,0.8718
Dataset_1,Right,PointNet,870,8,52,4,11,0.8,0.4211,0.9286,0.5161,0.6814
Dataset_1,Right,PointNet,871,11,48,1,15,0.7867,0.4231,0.9796,0.5789,0.8163
Dataset_1,Right,PointNet,872,17,47,1,10,0.8533,0.6296,0.9792,0.7556,0.8796
Dataset_1,Right,PointNet,873,14,50,1,10,0.8533,0.5833,0.9804,0.7179,0.8464
Dataset_1,Right,PointNet,874,12,52,0,11,0.8533,0.5217,1.0,0.6857,0.8294
Dataset_1,Right,PointNet,875,11,56,0,8,0.8933,0.5789,1.0,0.7333,0.8712
Dataset_1,Right,PointNet,876,10,51,3,11,0.8133,0.4762,0.9444,0.5882,0.8219
Dataset_1,Right,PointNet,877,14,53,2,6,0.8933,0.7,0.9636,0.7778,0.8927
Dataset_1,Right,PointNet,878,5,61,3,6,0.88,0.4545,0.9531,0.5263,0.7173
Dataset_1,Right,PointNet,879,17,49,3,6,0.88,0.7391,0.9423,0.7907,0.8411
Dataset_1,Right,PointNet,880,11,58,2,4,0.92,0.7333,0.9667,0.7857,0.8733
Dataset_1,Right,PointNet,881,19,43,2,11,0.8267,0.6333,0.9556,0.7451,0.9281
Dataset_1,Right,PointNet,882,11,56,1,7,0.8933,0.6111,0.9825,0.7333,0.8879
Dataset_1,Right,PointNet,883,13,55,1,6,0.9067,0.6842,0.9821,0.7879,0.7895
Dataset_1,Right,PointNet,884,15,51,3,6,0.88,0.7143,0.9444,0.7692,0.8501
Dataset_1,Right,PointNet,885,12,50,2,11,0.8267,0.5217,0.9615,0.6486,0.8796
Dataset_1,Right,PointNet,886,12,55,2,6,0.8933,0.6667,0.9649,0.75,0.7924
Dataset_1,Right,PointNet,887,10,55,1,9,0.8667,0.5263,0.9821,0.6667,0.938
Dataset_1,Right,PointNet,888,10,51,4,10,0.8133,0.5,0.9273,0.5882,0.7427
Dataset_1,Right,PointNet,889,12,47,2,14,0.7867,0.4615,0.9592,0.6,0.8548
Dataset_1,Right,PointNet,890,10,56,3,6,0.88,0.625,0.9492,0.6897,0.7871
Dataset_1,Right,PointNet,891,10,57,3,5,0.8933,0.6667,0.95,0.7143,0.9111
Dataset_1,Right,PointNet,892,6,58,2,9,0.8533,0.4,0.9667,0.5217,0.8067
Dataset_1,Right,PointNet,893,16,55,0,4,0.9467,0.8,1.0,0.8889,0.9627
Dataset_1,Right,PointNet,894,9,57,0,9,0.88,0.5,1.0,0.6667,0.8938
Dataset_1,Right,PointNet,895,6,54,4,11,0.8,0.3529,0.931,0.4444,0.7718
Dataset_1,Right,PointNet,896,17,50,1,7,0.8933,0.7083,0.9804,0.8095,0.8636
Dataset_1,Right,PointNet,897,6,50,4,15,0.7467,0.2857,0.9259,0.3871,0.7363
Dataset_1,Right,PointNet,898,10,59,1,5,0.92,0.6667,0.9833,0.7692,0.9011
Dataset_1,Right,PointNet,899,9,55,4,7,0.8533,0.5625,0.9322,0.6207,0.7871
Dataset_1,Right,PointNet,900,16,48,2,9,0.8533,0.64,0.96,0.7442,0.8272
Dataset_1,Right,PointNet,901,15,50,3,7,0.8667,0.6818,0.9434,0.75,0.7564
Dataset_1,Right,PointNet,902,10,54,2,9,0.8533,0.5263,0.9643,0.6452,0.7603
Dataset_1,Right,PointNet,903,8,53,4,10,0.8133,0.4444,0.9298,0.5333,0.6657
Dataset_1,Right,PointNet,904,7,58,5,5,0.8667,0.5833,0.9206,0.5833,0.9339
Dataset_1,Right,PointNet,905,11,57,1,6,0.9067,0.6471,0.9828,0.7586,0.8834
Dataset_1,Right,PointNet,906,3,60,2,10,0.84,0.2308,0.9677,0.3333,0.7357
Dataset_1,Right,PointNet,907,4,57,2,12,0.8133,0.25,0.9661,0.3636,0.7606
Dataset_1,Right,PointNet,908,11,57,0,7,0.9067,0.6111,1.0,0.7586,0.9084
Dataset_1,Right,PointNet,909,9,56,2,8,0.8667,0.5294,0.9655,0.6429,0.932
Dataset_1,Right,PointNet,910,12,50,1,12,0.8267,0.5,0.9804,0.6486,0.826
Dataset_1,Right,PointNet,911,6,62,1,6,0.9067,0.5,0.9841,0.6316,0.8624
Dataset_1,Right,PointNet,912,13,52,4,6,0.8667,0.6842,0.9286,0.7222,0.8289
Dataset_1,Right,PointNet,913,10,55,3,7,0.8667,0.5882,0.9483,0.6667,0.9219
Dataset_1,Right,PointNet,914,9,50,1,15,0.7867,0.375,0.9804,0.5294,0.8105
Dataset_1,Right,PointNet,915,15,55,0,5,0.9333,0.75,1.0,0.8571,0.9073
Dataset_1,Right,PointNet,916,13,51,2,9,0.8533,0.5909,0.9623,0.7027,0.8911
Dataset_1,Right,PointNet,917,12,53,2,8,0.8667,0.6,0.9636,0.7059,0.8555
Dataset_1,Right,PointNet,918,10,54,3,8,0.8533,0.5556,0.9474,0.6452,0.8226
Dataset_1,Right,PointNet,919,7,56,2,10,0.84,0.4118,0.9655,0.5385,0.8022
Dataset_1,Right,PointNet,920,12,54,2,7,0.88,0.6316,0.9643,0.7273,0.8195
Dataset_1,Right,PointNet,921,8,59,1,7,0.8933,0.5333,0.9833,0.6667,0.9689
Dataset_1,Right,PointNet,922,8,48,2,17,0.7467,0.32,0.96,0.4571,0.8392
Dataset_1,Right,PointNet,923,10,54,0,11,0.8533,0.4762,1.0,0.6452,0.8104
Dataset_1,Right,PointNet,924,11,46,1,17,0.76,0.3929,0.9787,0.55,0.7865
Dataset_1,Right,PointNet,925,12,53,2,8,0.8667,0.6,0.9636,0.7059,0.8964
Dataset_1,Right,PointNet,926,8,56,3,8,0.8533,0.5,0.9492,0.5926,0.8379
Dataset_1,Right,PointNet,927,13,50,2,10,0.84,0.5652,0.9615,0.6842,0.8846
Dataset_1,Right,PointNet,928,14,53,1,7,0.8933,0.6667,0.9815,0.7778,0.8748
Dataset_1,Right,PointNet,929,16,44,4,11,0.8,0.5926,0.9167,0.6809,0.8688
Dataset_1,Right,PointNet,930,8,57,2,8,0.8667,0.5,0.9661,0.6154,0.839
Dataset_1,Right,PointNet,931,13,54,2,6,0.8933,0.6842,0.9643,0.7647,0.9539
Dataset_1,Right,PointNet,932,14,57,1,3,0.9467,0.8235,0.9828,0.875,0.9787
Dataset_1,Right,PointNet,933,9,49,4,13,0.7733,0.4091,0.9245,0.5143,0.8105
Dataset_1,Right,PointNet,934,10,55,1,9,0.8667,0.5263,0.9821,0.6667,0.7914
Dataset_1,Right,PointNet,935,8,54,1,12,0.8267,0.4,0.9818,0.5517,0.7282
Dataset_1,Right,PointNet,936,14,48,3,10,0.8267,0.5833,0.9412,0.6829,0.8448
Dataset_1,Right,PointNet,937,12,47,0,16,0.7867,0.4286,1.0,0.6,0.7895
Dataset_1,Right,PointNet,938,18,42,5,10,0.8,0.6429,0.8936,0.7059,0.8875
Dataset_1,Right,PointNet,939,14,45,3,13,0.7867,0.5185,0.9375,0.6364,0.8187
Dataset_1,Right,PointNet,940,12,53,1,9,0.8667,0.5714,0.9815,0.7059,0.8942
Dataset_1,Right,PointNet,941,14,49,0,12,0.84,0.5385,1.0,0.7,0.8509
Dataset_1,Right,PointNet,942,13,48,1,13,0.8133,0.5,0.9796,0.65,0.8203
Dataset_1,Right,PointNet,943,8,59,1,7,0.8933,0.5333,0.9833,0.6667,0.9278
Dataset_1,Right,PointNet,944,10,55,0,10,0.8667,0.5,1.0,0.6667,0.8255
Dataset_1,Right,PointNet,945,16,45,2,12,0.8133,0.5714,0.9574,0.6957,0.8989
Dataset_1,Right,PointNet,946,12,51,4,8,0.84,0.6,0.9273,0.6667,0.7936
Dataset_1,Right,PointNet,947,11,52,2,10,0.84,0.5238,0.963,0.6471,0.7372
Dataset_1,Right,PointNet,948,9,57,0,9,0.88,0.5,1.0,0.6667,0.9776
Dataset_1,Right,PointNet,949,12,45,3,15,0.76,0.4444,0.9375,0.5714,0.7608
Dataset_1,Right,PointNet,950,10,53,4,8,0.84,0.5556,0.9298,0.625,0.7846
Dataset_1,Right,PointNet,951,15,50,0,10,0.8667,0.6,1.0,0.75,0.8728
Dataset_1,Right,PointNet,952,10,55,1,9,0.8667,0.5263,0.9821,0.6667,0.8205
Dataset_1,Right,PointNet,953,10,57,1,7,0.8933,0.5882,0.9828,0.7143,0.8864
Dataset_1,Right,PointNet,954,17,47,3,8,0.8533,0.68,0.94,0.7556,0.8888
Dataset_1,Right,PointNet,955,8,59,0,8,0.8933,0.5,1.0,0.6667,0.8167
Dataset_1,Right,PointNet,956,11,50,0,14,0.8133,0.44,1.0,0.6111,0.8416
Dataset_1,Right,PointNet,957,15,48,1,11,0.84,0.5769,0.9796,0.7143,0.8532
Dataset_1,Right,PointNet,958,15,49,1,10,0.8533,0.6,0.98,0.7317,0.8952
Dataset_1,Right,PointNet,959,6,59,2,8,0.8667,0.4286,0.9672,0.5455,0.8267
Dataset_1,Right,PointNet,960,14,51,4,6,0.8667,0.7,0.9273,0.7368,0.9036
Dataset_1,Right,PointNet,961,16,52,0,7,0.9067,0.6957,1.0,0.8205,0.8545
Dataset_1,Right,PointNet,962,11,54,5,5,0.8667,0.6875,0.9153,0.6875,0.8517
Dataset_1,Right,PointNet,963,14,48,4,9,0.8267,0.6087,0.9231,0.6829,0.8913
Dataset_1,Right,PointNet,964,10,55,3,7,0.8667,0.5882,0.9483,0.6667,0.8986
Dataset_1,Right,PointNet,965,16,47,2,10,0.84,0.6154,0.9592,0.7273,0.8195
Dataset_1,Right,PointNet,966,7,60,4,4,0.8933,0.6364,0.9375,0.6364,0.7244
Dataset_1,Right,PointNet,967,10,54,2,9,0.8533,0.5263,0.9643,0.6452,0.8336
Dataset_1,Right,PointNet,968,14,48,3,10,0.8267,0.5833,0.9412,0.6829,0.7819
Dataset_1,Right,PointNet,969,11,52,1,11,0.84,0.5,0.9811,0.6471,0.8156
Dataset_1,Right,PointNet,970,11,55,2,7,0.88,0.6111,0.9649,0.7097,0.8411
Dataset_1,Right,PointNet,971,12,53,1,9,0.8667,0.5714,0.9815,0.7059,0.851
Dataset_1,Right,PointNet,972,14,52,3,6,0.88,0.7,0.9455,0.7568,0.8555
Dataset_1,Right,PointNet,973,13,54,0,8,0.8933,0.619,1.0,0.7647,0.918
Dataset_1,Right,PointNet,974,13,57,1,4,0.9333,0.7647,0.9828,0.8387,0.9432
Dataset_1,Right,PointNet,975,9,53,2,11,0.8267,0.45,0.9636,0.5806,0.9382
Dataset_1,Right,PointNet,976,12,53,1,9,0.8667,0.5714,0.9815,0.7059,0.8721
Dataset_1,Right,PointNet,977,7,51,4,13,0.7733,0.35,0.9273,0.4516,0.6555
Dataset_1,Right,PointNet,978,12,56,0,7,0.9067,0.6316,1.0,0.7742,0.9117
Dataset_1,Right,PointNet,979,15,52,1,7,0.8933,0.6818,0.9811,0.7895,0.9065
Dataset_1,Right,PointNet,980,13,53,1,8,0.88,0.619,0.9815,0.7429,0.8078
Dataset_1,Right,PointNet,981,15,52,0,8,0.8933,0.6522,1.0,0.7895,0.9749
Dataset_1,Right,PointNet,982,12,48,3,12,0.8,0.5,0.9412,0.6154,0.7868
Dataset_1,Right,PointNet,983,12,49,2,12,0.8133,0.5,0.9608,0.6316,0.8456
Dataset_1,Right,PointNet,984,7,54,1,13,0.8133,0.35,0.9818,0.5,0.7664
Dataset_1,Right,PointNet,985,9,56,0,10,0.8667,0.4737,1.0,0.6429,0.937
Dataset_1,Right,PointNet,986,13,54,0,8,0.8933,0.619,1.0,0.7647,0.8166
Dataset_1,Right,PointNet,987,11,54,2,8,0.8667,0.5789,0.9643,0.6875,0.8571
Dataset_1,Right,PointNet,988,10,48,2,15,0.7733,0.4,0.96,0.5405,0.752
Dataset_1,Right,PointNet,989,11,48,4,12,0.7867,0.4783,0.9231,0.5789,0.8403
Dataset_1,Right,PointNet,990,16,51,1,7,0.8933,0.6957,0.9808,0.8,0.8955
Dataset_1,Right,PointNet,991,15,49,2,9,0.8533,0.625,0.9608,0.7317,0.8317
Dataset_1,Right,PointNet,992,15,55,0,5,0.9333,0.75,1.0,0.8571,0.86
Dataset_1,Right,PointNet,993,12,51,1,11,0.84,0.5217,0.9808,0.6667,0.8319
Dataset_1,Right,PointNet,994,7,51,1,16,0.7733,0.3043,0.9808,0.4516,0.7726
Dataset_1,Right,PointNet,995,10,49,6,10,0.7867,0.5,0.8909,0.5556,0.81
Dataset_1,Right,PointNet,996,10,56,2,7,0.88,0.5882,0.9655,0.6897,0.8418
Dataset_1,Right,PointNet,997,7,63,4,1,0.9333,0.875,0.9403,0.7368,0.8694
Dataset_1,Right,PointNet,998,4,57,2,12,0.8133,0.25,0.9661,0.3636,0.8559
Dataset_1,Right,PointNet,999,12,49,4,10,0.8133,0.5455,0.9245,0.6316,0.8319
Dataset_1,Right,PointNet,1000,12,53,4,6,0.8667,0.6667,0.9298,0.7059,0.847
