round,TP,TN,FP,FN,Accuracy,Sensitivity,Specificity,F1,AUC
1,21,36,2,8,0.8507,0.7241,0.9474,0.8077,0.9474
2,17,45,3,2,0.9254,0.8947,0.9375,0.8718,0.9715
3,16,43,3,5,0.8806,0.7619,0.9348,0.8,0.9596
4,14,42,1,10,0.8358,0.5833,0.9767,0.7179,0.9012
5,21,35,2,9,0.8358,0.7,0.9459,0.7925,0.9477
6,16,43,3,5,0.8806,0.7619,0.9348,0.8,0.9017
7,12,40,7,8,0.7761,0.6,0.8511,0.6154,0.8649
8,16,40,3,8,0.8358,0.6667,0.9302,0.7442,0.8421
9,18,37,1,11,0.8209,0.6207,0.9737,0.75,0.9592
10,17,40,2,8,0.8507,0.68,0.9524,0.7727,0.9029
11,15,43,3,6,0.8657,0.7143,0.9348,0.7692,0.9213
12,16,43,4,4,0.8806,0.8,0.9149,0.8,0.966
13,11,41,6,9,0.7761,0.55,0.8723,0.5946,0.8638
14,20,39,2,6,0.8806,0.7692,0.9512,0.8333,0.9296
15,11,44,3,9,0.8209,0.55,0.9362,0.6471,0.9234
16,13,38,4,12,0.7612,0.52,0.9048,0.619,0.8467
17,12,47,3,5,0.8806,0.7059,0.94,0.75,0.9224
18,20,36,3,8,0.8358,0.7143,0.9231,0.7843,0.8791
19,21,40,2,4,0.9104,0.84,0.9524,0.875,0.9629
20,15,42,1,9,0.8507,0.625,0.9767,0.75,0.8789
21,13,45,2,7,0.8657,0.65,0.9574,0.7429,0.8979
22,14,43,2,8,0.8507,0.6364,0.9556,0.7368,0.9152
23,14,42,3,8,0.8358,0.6364,0.9333,0.7179,0.9152
24,14,43,1,9,0.8507,0.6087,0.9773,0.7368,0.9506
25,13,43,7,4,0.8358,0.7647,0.86,0.7027,0.9094
26,12,46,4,5,0.8657,0.7059,0.92,0.7273,0.9224
27,12,46,3,6,0.8657,0.6667,0.9388,0.7273,0.9683
28,16,43,4,4,0.8806,0.8,0.9149,0.8,0.9649
29,21,41,4,1,0.9254,0.9545,0.9111,0.8936,0.9949
30,9,46,4,8,0.8209,0.5294,0.92,0.6,0.8588
31,13,42,4,8,0.8209,0.619,0.913,0.6842,0.9027
32,16,35,4,12,0.7612,0.5714,0.8974,0.6667,0.8416
33,15,42,1,9,0.8507,0.625,0.9767,0.75,0.8178
34,9,50,3,5,0.8806,0.6429,0.9434,0.6923,0.8908
35,16,41,2,8,0.8507,0.6667,0.9535,0.7619,0.9099
36,19,37,3,8,0.8358,0.7037,0.925,0.7755,0.9046
37,17,38,1,11,0.8209,0.6071,0.9744,0.7391,0.8663
38,16,41,3,7,0.8507,0.6957,0.9318,0.7619,0.9348
39,21,41,0,5,0.9254,0.8077,1.0,0.8936,0.955
40,21,40,1,5,0.9104,0.8077,0.9756,0.875,0.9728
41,13,40,4,10,0.791,0.5652,0.9091,0.65,0.8468
42,12,42,2,11,0.806,0.5217,0.9545,0.6486,0.9081
43,12,41,5,9,0.791,0.5714,0.8913,0.6316,0.9027
44,14,43,3,7,0.8507,0.6667,0.9348,0.7368,0.9172
45,17,38,1,11,0.8209,0.6071,0.9744,0.7391,0.913
46,14,44,4,5,0.8657,0.7368,0.9167,0.7568,0.9594
47,18,31,6,12,0.7313,0.6,0.8378,0.6667,0.782
48,18,42,0,7,0.8955,0.72,1.0,0.8372,0.9238
49,15,39,3,10,0.806,0.6,0.9286,0.6977,0.9238
50,16,38,6,7,0.806,0.6957,0.8636,0.7111,0.8864
51,15,37,4,11,0.7761,0.5769,0.9024,0.6667,0.8171
52,18,40,3,6,0.8657,0.75,0.9302,0.8,0.8992
53,23,29,3,12,0.7761,0.6571,0.9062,0.7541,0.8705
54,14,42,3,8,0.8358,0.6364,0.9333,0.7179,0.8657
55,12,43,1,11,0.8209,0.5217,0.9773,0.6667,0.8132
56,14,38,1,14,0.7761,0.5,0.9744,0.6512,0.9167
57,17,38,6,6,0.8209,0.7391,0.8636,0.7391,0.9091
58,19,39,3,6,0.8657,0.76,0.9286,0.8085,0.9295
59,14,41,2,10,0.8209,0.5833,0.9535,0.7,0.9176
60,21,38,3,5,0.8806,0.8077,0.9268,0.84,0.9672
61,23,34,1,9,0.8507,0.7188,0.9714,0.8214,0.9161
62,14,47,1,5,0.9104,0.7368,0.9792,0.8235,0.9287
63,19,43,2,3,0.9254,0.8636,0.9556,0.8837,0.9535
64,13,43,6,5,0.8358,0.7222,0.8776,0.7027,0.9161
65,10,41,2,14,0.7612,0.4167,0.9535,0.5556,0.8459
66,11,42,6,8,0.791,0.5789,0.875,0.6111,0.8355
67,12,44,1,10,0.8358,0.5455,0.9778,0.6857,0.9212
68,15,36,2,14,0.7612,0.5172,0.9474,0.6522,0.8358
69,9,49,3,6,0.8657,0.6,0.9423,0.6667,0.9308
70,15,43,5,4,0.8657,0.7895,0.8958,0.7692,0.9452
71,23,34,1,9,0.8507,0.7188,0.9714,0.8214,0.9589
72,14,45,1,7,0.8806,0.6667,0.9783,0.7778,0.9317
73,17,40,5,5,0.8507,0.7727,0.8889,0.7727,0.9364
74,19,39,3,6,0.8657,0.76,0.9286,0.8085,0.9
75,13,42,2,10,0.8209,0.5652,0.9545,0.6842,0.8844
76,23,36,1,7,0.8806,0.7667,0.973,0.8519,0.9261
77,9,44,2,12,0.791,0.4286,0.9565,0.5625,0.8478
78,20,39,4,4,0.8806,0.8333,0.907,0.8333,0.9438
79,16,39,1,11,0.8209,0.5926,0.975,0.7273,0.9269
80,11,49,3,4,0.8955,0.7333,0.9423,0.7586,0.9551
81,15,38,6,8,0.791,0.6522,0.8636,0.6818,0.8656
82,6,49,1,11,0.8209,0.3529,0.98,0.5,0.8553
83,17,37,5,8,0.806,0.68,0.881,0.7234,0.8914
84,19,33,7,8,0.7761,0.7037,0.825,0.717,0.8963
85,13,46,2,6,0.8806,0.6842,0.9583,0.7647,0.9276
86,18,38,3,8,0.8358,0.6923,0.9268,0.766,0.9306
87,13,39,4,11,0.7761,0.5417,0.907,0.6341,0.8527
88,17,39,3,8,0.8358,0.68,0.9286,0.7556,0.9295
89,16,38,6,7,0.806,0.6957,0.8636,0.7111,0.8735
90,17,39,2,9,0.8358,0.6538,0.9512,0.7556,0.9278
91,17,36,6,8,0.791,0.68,0.8571,0.7083,0.9162
92,16,40,3,8,0.8358,0.6667,0.9302,0.7442,0.8421
93,10,49,0,8,0.8806,0.5556,1.0,0.7143,0.9104
94,20,41,2,4,0.9104,0.8333,0.9535,0.8696,0.9632
95,14,42,2,9,0.8358,0.6087,0.9545,0.7179,0.8567
96,9,45,2,11,0.806,0.45,0.9574,0.5806,0.8574
97,10,42,3,12,0.7761,0.4545,0.9333,0.5714,0.8889
98,10,49,3,5,0.8806,0.6667,0.9423,0.7143,0.941
99,12,44,3,8,0.8358,0.6,0.9362,0.6857,0.883
100,20,34,5,8,0.806,0.7143,0.8718,0.7547,0.8819
101,10,51,1,5,0.9104,0.6667,0.9808,0.7692,0.9782
102,22,33,4,8,0.8209,0.7333,0.8919,0.7857,0.9225
103,9,43,4,11,0.7761,0.45,0.9149,0.5455,0.8032
104,14,42,2,9,0.8358,0.6087,0.9545,0.7179,0.8943
105,12,44,4,7,0.8358,0.6316,0.9167,0.6857,0.8893
106,14,44,4,5,0.8657,0.7368,0.9167,0.7568,0.9331
107,18,36,8,5,0.806,0.7826,0.8182,0.7347,0.8547
108,7,47,2,11,0.806,0.3889,0.9592,0.5185,0.7914
109,15,42,2,8,0.8507,0.6522,0.9545,0.75,0.9694
110,22,33,1,11,0.8209,0.6667,0.9706,0.7857,0.9082
111,15,40,6,6,0.8209,0.7143,0.8696,0.7143,0.882
112,17,39,6,5,0.8358,0.7727,0.8667,0.7556,0.9646
113,17,42,2,6,0.8806,0.7391,0.9545,0.8095,0.8794
114,16,42,4,5,0.8657,0.7619,0.913,0.7805,0.8996
115,22,35,2,8,0.8507,0.7333,0.9459,0.8148,0.8964
116,10,41,3,13,0.7612,0.4348,0.9318,0.5556,0.7381
117,18,35,2,12,0.791,0.6,0.9459,0.72,0.9108
118,16,41,1,9,0.8507,0.64,0.9762,0.7619,0.8333
119,17,45,3,2,0.9254,0.8947,0.9375,0.8718,0.9693
120,13,40,3,11,0.791,0.5417,0.9302,0.65,0.874
121,11,40,7,9,0.7612,0.55,0.8511,0.5789,0.884
122,13,32,4,18,0.6716,0.4194,0.8889,0.5417,0.7832
123,14,43,1,9,0.8507,0.6087,0.9773,0.7368,0.8518
124,14,45,2,6,0.8806,0.7,0.9574,0.7778,0.9606
125,12,45,3,7,0.8507,0.6316,0.9375,0.7059,0.9419
126,9,47,3,8,0.8358,0.5294,0.94,0.6207,0.8506
127,23,32,5,7,0.8209,0.7667,0.8649,0.7931,0.9198
128,22,31,5,9,0.791,0.7097,0.8611,0.7586,0.9014
129,15,41,3,8,0.8358,0.6522,0.9318,0.7317,0.8992
130,16,40,4,7,0.8358,0.6957,0.9091,0.7442,0.9081
131,16,41,2,8,0.8507,0.6667,0.9535,0.7619,0.9128
132,16,43,2,6,0.8806,0.7273,0.9556,0.8,0.9525
133,17,39,3,8,0.8358,0.68,0.9286,0.7556,0.8971
134,14,44,1,8,0.8657,0.6364,0.9778,0.7568,0.8838
135,16,41,3,7,0.8507,0.6957,0.9318,0.7619,0.9279
136,13,42,4,8,0.8209,0.619,0.913,0.6842,0.8996
137,14,45,3,5,0.8806,0.7368,0.9375,0.7778,0.9046
138,15,41,2,9,0.8358,0.625,0.9535,0.7317,0.9525
139,14,41,3,9,0.8209,0.6087,0.9318,0.7,0.8953
140,13,43,1,10,0.8358,0.5652,0.9773,0.7027,0.8874
141,14,44,1,8,0.8657,0.6364,0.9778,0.7568,0.9141
142,15,35,6,11,0.7463,0.5769,0.8537,0.6383,0.8705
143,21,36,3,7,0.8507,0.75,0.9231,0.8077,0.9396
144,18,44,2,3,0.9254,0.8571,0.9565,0.878,0.9907
145,14,46,3,4,0.8955,0.7778,0.9388,0.8,0.9637
146,17,39,5,6,0.8358,0.7391,0.8864,0.7556,0.9239
147,16,39,2,10,0.8209,0.6154,0.9512,0.7273,0.9203
148,19,36,2,10,0.8209,0.6552,0.9474,0.76,0.8893
149,18,38,6,5,0.8358,0.7826,0.8636,0.766,0.9407
150,21,35,3,8,0.8358,0.7241,0.9211,0.7925,0.9174
151,19,40,3,5,0.8806,0.7917,0.9302,0.8261,0.9477
152,10,46,3,8,0.8358,0.5556,0.9388,0.6452,0.949
153,13,41,5,8,0.806,0.619,0.8913,0.6667,0.8954
154,12,43,6,6,0.8209,0.6667,0.8776,0.6667,0.9014
155,21,35,3,8,0.8358,0.7241,0.9211,0.7925,0.9038
156,16,40,1,10,0.8358,0.6154,0.9756,0.7442,0.8921
157,9,45,2,11,0.806,0.45,0.9574,0.5806,0.7777
158,13,41,1,12,0.806,0.52,0.9762,0.6667,0.9362
159,18,39,0,10,0.8507,0.6429,1.0,0.7826,0.935
160,19,38,1,9,0.8507,0.6786,0.9744,0.7917,0.978
161,16,45,3,3,0.9104,0.8421,0.9375,0.8421,0.977
162,13,40,3,11,0.791,0.5417,0.9302,0.65,0.8847
163,8,52,3,4,0.8955,0.6667,0.9455,0.6957,0.8879
164,10,43,4,10,0.791,0.5,0.9149,0.5882,0.866
165,21,41,1,4,0.9254,0.84,0.9762,0.8936,0.9714
166,15,41,3,8,0.8358,0.6522,0.9318,0.7317,0.9061
167,17,35,6,9,0.7761,0.6538,0.8537,0.6939,0.8987
168,18,38,4,7,0.8358,0.72,0.9048,0.766,0.9
169,18,39,1,9,0.8507,0.6667,0.975,0.7826,0.8926
170,8,48,3,8,0.8358,0.5,0.9412,0.5926,0.8591
171,14,43,3,7,0.8507,0.6667,0.9348,0.7368,0.8778
172,15,37,6,9,0.7761,0.625,0.8605,0.6667,0.8614
173,14,42,5,6,0.8358,0.7,0.8936,0.7179,0.8734
174,10,44,5,8,0.806,0.5556,0.898,0.6061,0.8367
175,20,41,3,3,0.9104,0.8696,0.9318,0.8696,0.9881
176,19,37,1,10,0.8358,0.6552,0.9737,0.7755,0.9483
177,12,42,3,10,0.806,0.5455,0.9333,0.6486,0.9051
178,16,38,2,11,0.806,0.5926,0.95,0.7111,0.8815
179,9,48,3,7,0.8507,0.5625,0.9412,0.6429,0.8799
180,20,37,6,4,0.8507,0.8333,0.8605,0.8,0.9293
181,14,38,5,10,0.7761,0.5833,0.8837,0.6512,0.9089
182,10,42,3,12,0.7761,0.4545,0.9333,0.5714,0.8737
183,18,39,6,4,0.8507,0.8182,0.8667,0.7826,0.9162
184,8,45,3,11,0.791,0.4211,0.9375,0.5333,0.8257
185,19,41,3,4,0.8955,0.8261,0.9318,0.8444,0.9634
186,16,43,1,7,0.8806,0.6957,0.9773,0.8,0.9091
187,16,43,3,5,0.8806,0.7619,0.9348,0.8,0.9182
188,17,41,1,8,0.8657,0.68,0.9762,0.7907,0.9533
189,14,47,2,4,0.9104,0.7778,0.9592,0.8235,0.9365
190,12,41,4,10,0.791,0.5455,0.9111,0.6316,0.9
191,18,34,7,8,0.7761,0.6923,0.8293,0.7059,0.8977
192,17,37,3,10,0.806,0.6296,0.925,0.7234,0.8648
193,21,35,3,8,0.8358,0.7241,0.9211,0.7925,0.9247
194,13,46,1,7,0.8806,0.65,0.9787,0.7647,0.9
195,20,37,4,6,0.8507,0.7692,0.9024,0.8,0.8593
196,12,42,5,8,0.806,0.6,0.8936,0.6486,0.85
197,16,33,1,17,0.7313,0.4848,0.9706,0.64,0.9144
198,11,46,1,9,0.8507,0.55,0.9787,0.6875,0.8511
199,14,43,6,4,0.8507,0.7778,0.8776,0.7368,0.9025
200,11,46,1,9,0.8507,0.55,0.9787,0.6875,0.7872
201,13,44,1,9,0.8507,0.5909,0.9778,0.7222,0.9636
202,23,35,3,6,0.8657,0.7931,0.9211,0.8364,0.9501
203,11,43,6,7,0.806,0.6111,0.8776,0.6286,0.8413
204,19,37,0,11,0.8358,0.6333,1.0,0.7755,0.9216
205,18,39,4,6,0.8507,0.75,0.907,0.7826,0.9341
206,17,40,2,8,0.8507,0.68,0.9524,0.7727,0.8924
207,21,35,3,8,0.8358,0.7241,0.9211,0.7925,0.9356
208,11,44,5,7,0.8209,0.6111,0.898,0.6471,0.9297
209,8,42,4,13,0.7463,0.381,0.913,0.4848,0.8085
210,20,34,3,10,0.806,0.6667,0.9189,0.7547,0.8838
211,19,38,5,5,0.8507,0.7917,0.8837,0.7917,0.9719
212,12,46,3,6,0.8657,0.6667,0.9388,0.7273,0.8968
213,17,38,3,9,0.8209,0.6538,0.9268,0.7391,0.9362
214,19,44,1,3,0.9403,0.8636,0.9778,0.9048,0.9848
215,25,35,1,6,0.8955,0.8065,0.9722,0.8772,0.9857
216,19,36,3,9,0.8209,0.6786,0.9231,0.76,0.8663
217,11,45,1,10,0.8358,0.5238,0.9783,0.6667,0.881
218,14,38,5,10,0.7761,0.5833,0.8837,0.6512,0.8963
219,18,40,3,6,0.8657,0.75,0.9302,0.8,0.9612
220,10,50,1,6,0.8955,0.625,0.9804,0.7407,0.9118
221,14,43,2,8,0.8507,0.6364,0.9556,0.7368,0.8465
222,14,41,4,8,0.8209,0.6364,0.9111,0.7,0.9242
223,14,40,4,9,0.806,0.6087,0.9091,0.6829,0.8419
224,11,40,5,11,0.7612,0.5,0.8889,0.5789,0.8232
225,17,38,6,6,0.8209,0.7391,0.8636,0.7391,0.9338
226,18,32,5,12,0.7463,0.6,0.8649,0.6792,0.9081
227,17,41,1,8,0.8657,0.68,0.9762,0.7907,0.8638
228,18,41,2,6,0.8806,0.75,0.9535,0.8182,0.9176
229,20,38,4,5,0.8657,0.8,0.9048,0.8163,0.9352
230,16,45,0,6,0.9104,0.7273,1.0,0.8421,0.896
231,19,39,3,6,0.8657,0.76,0.9286,0.8085,0.919
232,17,38,3,9,0.8209,0.6538,0.9268,0.7391,0.8762
233,17,41,4,5,0.8657,0.7727,0.9111,0.7907,0.9515
234,14,42,3,8,0.8358,0.6364,0.9333,0.7179,0.9202
235,13,41,1,12,0.806,0.52,0.9762,0.6667,0.9086
236,14,46,3,4,0.8955,0.7778,0.9388,0.8,0.9331
237,10,46,2,9,0.8358,0.5263,0.9583,0.6452,0.8816
238,11,43,3,10,0.806,0.5238,0.9348,0.6286,0.9193
239,17,36,8,6,0.791,0.7391,0.8182,0.7083,0.9012
240,14,39,3,11,0.791,0.56,0.9286,0.6667,0.9076
241,18,37,6,6,0.8209,0.75,0.8605,0.75,0.9486
242,11,46,4,6,0.8507,0.6471,0.92,0.6875,0.8553
243,17,36,5,9,0.791,0.6538,0.878,0.7083,0.9118
244,20,26,7,14,0.6866,0.5882,0.7879,0.6557,0.8645
245,9,40,6,12,0.7313,0.4286,0.8696,0.5,0.7795
246,19,36,3,9,0.8209,0.6786,0.9231,0.76,0.9121
247,19,37,5,6,0.8358,0.76,0.881,0.7755,0.9571
248,16,34,7,10,0.7463,0.6154,0.8293,0.6531,0.8424
249,16,40,4,7,0.8358,0.6957,0.9091,0.7442,0.9239
250,16,45,2,4,0.9104,0.8,0.9574,0.8421,0.9681
251,16,39,2,10,0.8209,0.6154,0.9512,0.7273,0.9278
252,15,40,1,11,0.8209,0.5769,0.9756,0.7143,0.8105
253,12,42,5,8,0.806,0.6,0.8936,0.6486,0.8745
254,20,35,6,6,0.8209,0.7692,0.8537,0.7692,0.9043
255,14,45,3,5,0.8806,0.7368,0.9375,0.7778,0.9474
256,15,48,1,3,0.9403,0.8333,0.9796,0.8824,0.9546
257,22,35,4,6,0.8507,0.7857,0.8974,0.8148,0.9469
258,15,41,0,11,0.8358,0.5769,1.0,0.7317,0.909
259,13,44,3,7,0.8507,0.65,0.9362,0.7222,0.8936
260,19,41,2,5,0.8955,0.7917,0.9535,0.8444,0.9554
261,8,41,5,13,0.7313,0.381,0.8913,0.4706,0.7226
262,14,32,5,16,0.6866,0.4667,0.8649,0.5714,0.7667
263,13,43,4,7,0.8358,0.65,0.9149,0.7027,0.9053
264,18,39,4,6,0.8507,0.75,0.907,0.7826,0.9448
265,21,33,5,8,0.806,0.7241,0.8684,0.7636,0.8902
266,19,38,2,8,0.8507,0.7037,0.95,0.7917,0.9019
267,12,45,3,7,0.8507,0.6316,0.9375,0.7059,0.9331
268,11,41,2,13,0.7761,0.4583,0.9535,0.5946,0.8672
269,19,36,0,12,0.8209,0.6129,1.0,0.76,0.8029
270,9,48,3,7,0.8507,0.5625,0.9412,0.6429,0.8529
271,12,43,3,9,0.8209,0.5714,0.9348,0.6667,0.9172
272,11,42,3,11,0.791,0.5,0.9333,0.6111,0.8333
273,22,33,4,8,0.8209,0.7333,0.8919,0.7857,0.9324
274,9,43,3,12,0.7761,0.4286,0.9348,0.5455,0.823
275,13,35,3,16,0.7164,0.4483,0.9211,0.5778,0.7967
276,15,43,0,9,0.8657,0.625,1.0,0.7692,0.9002
277,16,43,4,4,0.8806,0.8,0.9149,0.8,0.9043
278,14,46,2,5,0.8955,0.7368,0.9583,0.8,0.9463
279,17,33,5,12,0.7463,0.5862,0.8684,0.6667,0.8838
280,13,38,5,11,0.7612,0.5417,0.8837,0.619,0.8837
281,15,41,5,6,0.8358,0.7143,0.8913,0.7317,0.8872
282,15,45,3,4,0.8955,0.7895,0.9375,0.8108,0.9298
283,10,45,2,10,0.8209,0.5,0.9574,0.625,0.8957
284,21,37,3,6,0.8657,0.7778,0.925,0.8235,0.937
285,16,42,2,7,0.8657,0.6957,0.9545,0.7805,0.9644
286,15,43,2,7,0.8657,0.6818,0.9556,0.7692,0.9333
287,11,45,2,9,0.8358,0.55,0.9574,0.6667,0.8606
288,11,42,3,11,0.791,0.5,0.9333,0.6111,0.8859
289,15,45,2,5,0.8955,0.75,0.9574,0.8108,0.9213
290,11,48,3,5,0.8806,0.6875,0.9412,0.7333,0.9449
291,18,39,2,8,0.8507,0.6923,0.9512,0.7826,0.9278
292,17,35,2,13,0.7761,0.5667,0.9459,0.6939,0.8892
293,15,38,2,12,0.791,0.5556,0.95,0.6818,0.8519
294,23,36,1,7,0.8806,0.7667,0.973,0.8519,0.9207
295,21,35,4,7,0.8358,0.75,0.8974,0.7925,0.935
296,13,45,3,6,0.8657,0.6842,0.9375,0.7429,0.9024
297,17,36,2,12,0.791,0.5862,0.9474,0.7083,0.8675
298,12,45,4,6,0.8507,0.6667,0.9184,0.7059,0.9456
299,16,48,0,3,0.9552,0.8421,1.0,0.9143,0.9825
300,13,40,4,10,0.791,0.5652,0.9091,0.65,0.8429
301,16,36,6,9,0.7761,0.64,0.8571,0.6809,0.879
302,9,48,5,5,0.8507,0.6429,0.9057,0.6429,0.9178
303,15,41,5,6,0.8358,0.7143,0.8913,0.7317,0.94
304,14,43,2,8,0.8507,0.6364,0.9556,0.7368,0.9293
305,15,36,3,13,0.7612,0.5357,0.9231,0.6522,0.8608
306,17,38,6,6,0.8209,0.7391,0.8636,0.7391,0.913
307,15,39,4,9,0.806,0.625,0.907,0.6977,0.8295
308,14,43,2,8,0.8507,0.6364,0.9556,0.7368,0.9162
309,12,49,2,4,0.9104,0.75,0.9608,0.8,0.94
310,9,45,4,9,0.806,0.5,0.9184,0.5806,0.89
311,12,44,0,11,0.8358,0.5217,1.0,0.6857,0.9417
312,16,41,3,7,0.8507,0.6957,0.9318,0.7619,0.9536
313,9,41,6,11,0.7463,0.45,0.8723,0.5143,0.8489
314,15,42,4,6,0.8507,0.7143,0.913,0.75,0.8427
315,15,41,3,8,0.8358,0.6522,0.9318,0.7317,0.9071
316,18,41,1,7,0.8806,0.72,0.9762,0.8182,0.9095
317,13,42,3,9,0.8209,0.5909,0.9333,0.6842,0.8535
318,13,48,2,4,0.9104,0.7647,0.96,0.8125,0.9294
319,14,45,2,6,0.8806,0.7,0.9574,0.7778,0.933
320,15,39,5,8,0.806,0.6522,0.8864,0.6977,0.9032
321,9,51,2,5,0.8955,0.6429,0.9623,0.72,0.8774
322,16,37,6,8,0.791,0.6667,0.8605,0.6957,0.936
323,11,42,4,10,0.791,0.5238,0.913,0.6111,0.8944
324,14,37,9,7,0.7612,0.6667,0.8043,0.6364,0.8758
325,16,41,2,8,0.8507,0.6667,0.9535,0.7619,0.8614
326,18,38,3,8,0.8358,0.6923,0.9268,0.766,0.9062
327,13,39,3,12,0.7761,0.52,0.9286,0.6341,0.8571
328,20,38,1,8,0.8657,0.7143,0.9744,0.8163,0.9615
329,12,43,3,9,0.8209,0.5714,0.9348,0.6667,0.9306
330,12,47,3,5,0.8806,0.7059,0.94,0.75,0.88
331,15,44,1,7,0.8806,0.6818,0.9778,0.7895,0.9343
332,15,35,4,13,0.7463,0.5357,0.8974,0.6383,0.9313
333,16,47,1,3,0.9403,0.8421,0.9792,0.8889,0.9649
334,11,44,3,9,0.8209,0.55,0.9362,0.6471,0.7947
335,6,49,2,10,0.8209,0.375,0.9608,0.5,0.7132
336,12,45,3,7,0.8507,0.6316,0.9375,0.7059,0.8498
337,17,38,4,8,0.8209,0.68,0.9048,0.7391,0.8733
338,16,41,3,7,0.8507,0.6957,0.9318,0.7619,0.915
339,14,43,1,9,0.8507,0.6087,0.9773,0.7368,0.8982
340,15,44,3,5,0.8806,0.75,0.9362,0.7895,0.9404
341,10,51,3,3,0.9104,0.7692,0.9444,0.7692,0.9274
342,10,47,1,9,0.8507,0.5263,0.9792,0.6667,0.8783
343,14,43,2,8,0.8507,0.6364,0.9556,0.7368,0.9394
344,14,51,0,2,0.9701,0.875,1.0,0.9333,0.9596
345,16,41,2,8,0.8507,0.6667,0.9535,0.7619,0.8963
346,17,43,0,7,0.8955,0.7083,1.0,0.8293,0.8847
347,15,35,7,10,0.7463,0.6,0.8333,0.6383,0.8448
348,4,50,4,9,0.806,0.3077,0.9259,0.381,0.7265
349,17,37,3,10,0.806,0.6296,0.925,0.7234,0.8444
350,22,35,2,8,0.8507,0.7333,0.9459,0.8148,0.8838
351,20,37,3,7,0.8507,0.7407,0.925,0.8,0.8981
352,17,40,4,6,0.8507,0.7391,0.9091,0.7727,0.9061
353,17,36,5,9,0.791,0.6538,0.878,0.7083,0.9043
354,12,46,2,7,0.8657,0.6316,0.9583,0.7273,0.8629
355,18,43,2,4,0.9104,0.8182,0.9556,0.8571,0.9364
356,20,35,4,8,0.8209,0.7143,0.8974,0.7692,0.9258
357,17,42,4,4,0.8806,0.8095,0.913,0.8095,0.9803
358,18,36,4,9,0.806,0.6667,0.9,0.7347,0.8824
359,12,43,2,10,0.8209,0.5455,0.9556,0.6667,0.9111
360,10,41,5,11,0.7612,0.4762,0.8913,0.5556,0.8282
361,13,38,4,12,0.7612,0.52,0.9048,0.619,0.8467
362,16,42,4,5,0.8657,0.7619,0.913,0.7805,0.9358
363,15,40,1,11,0.8209,0.5769,0.9756,0.7143,0.8799
364,14,36,4,13,0.7463,0.5185,0.9,0.6222,0.9028
365,16,42,3,6,0.8657,0.7273,0.9333,0.7805,0.9162
366,15,42,5,5,0.8507,0.75,0.8936,0.75,0.9638
367,10,42,5,10,0.7761,0.5,0.8936,0.5714,0.8181
368,19,38,6,4,0.8507,0.8261,0.8636,0.7917,0.9368
369,17,41,2,7,0.8657,0.7083,0.9535,0.7907,0.9302
370,17,36,3,11,0.791,0.6071,0.9231,0.7083,0.8919
371,10,46,3,8,0.8358,0.5556,0.9388,0.6452,0.89
372,19,36,3,9,0.8209,0.6786,0.9231,0.76,0.8526
373,17,37,2,11,0.806,0.6071,0.9487,0.7234,0.8745
374,16,46,1,4,0.9254,0.8,0.9787,0.8649,0.9755
375,20,33,4,10,0.791,0.6667,0.8919,0.7407,0.8982
376,18,34,4,11,0.7761,0.6207,0.8947,0.7059,0.9038
377,9,51,3,4,0.8955,0.6923,0.9444,0.72,0.933
378,23,37,3,4,0.8955,0.8519,0.925,0.8679,0.9611
379,17,37,2,11,0.806,0.6071,0.9487,0.7234,0.9185
380,20,40,2,5,0.8955,0.8,0.9524,0.8511,0.94
381,13,49,2,3,0.9254,0.8125,0.9608,0.8387,0.94
382,12,40,5,10,0.7761,0.5455,0.8889,0.6154,0.8364
383,11,47,3,6,0.8657,0.6471,0.94,0.7097,0.9165
384,14,40,3,10,0.806,0.5833,0.9302,0.6829,0.9147
385,13,48,4,2,0.9104,0.8667,0.9231,0.8125,0.9641
386,15,44,2,6,0.8806,0.7143,0.9565,0.7895,0.9089
387,13,45,1,8,0.8657,0.619,0.9783,0.7429,0.9224
388,18,42,1,6,0.8955,0.75,0.9767,0.8372,0.9612
389,13,47,4,3,0.8955,0.8125,0.9216,0.7879,0.9718
390,12,45,3,7,0.8507,0.6316,0.9375,0.7059,0.9057
391,12,46,3,6,0.8657,0.6667,0.9388,0.7273,0.9422
392,17,42,0,8,0.8806,0.68,1.0,0.8095,0.9048
393,15,39,2,11,0.806,0.5769,0.9512,0.6977,0.8996
394,16,42,4,5,0.8657,0.7619,0.913,0.7805,0.9441
395,10,45,3,9,0.8209,0.5263,0.9375,0.625,0.8629
396,25,37,1,4,0.9254,0.8621,0.9737,0.9091,0.9519
397,15,45,1,6,0.8955,0.7143,0.9783,0.8108,0.9358
398,9,49,2,7,0.8657,0.5625,0.9608,0.6667,0.8946
399,19,40,3,5,0.8806,0.7917,0.9302,0.8261,0.939
400,16,38,2,11,0.806,0.5926,0.95,0.7111,0.813
401,8,47,1,11,0.8209,0.4211,0.9792,0.5714,0.8026
402,20,35,2,10,0.8209,0.6667,0.9459,0.7692,0.8766
403,11,42,1,13,0.791,0.4583,0.9767,0.6111,0.8973
404,12,38,4,13,0.7463,0.48,0.9048,0.5854,0.7714
405,14,40,4,9,0.806,0.6087,0.9091,0.6829,0.913
406,20,38,3,6,0.8657,0.7692,0.9268,0.8163,0.9709
407,13,45,5,4,0.8657,0.7647,0.9,0.7429,0.9471
408,16,40,4,7,0.8358,0.6957,0.9091,0.7442,0.9012
409,13,43,3,8,0.8358,0.619,0.9348,0.7027,0.793
410,15,40,1,11,0.8209,0.5769,0.9756,0.7143,0.9034
411,13,43,4,7,0.8358,0.65,0.9149,0.7027,0.8532
412,22,39,3,3,0.9104,0.88,0.9286,0.88,0.9686
413,14,43,2,8,0.8507,0.6364,0.9556,0.7368,0.8727
414,14,36,3,14,0.7463,0.5,0.9231,0.6222,0.8901
415,14,41,4,8,0.8209,0.6364,0.9111,0.7,0.897
416,11,50,2,4,0.9104,0.7333,0.9615,0.7857,0.9859
417,10,48,4,5,0.8657,0.6667,0.9231,0.6897,0.9295
418,8,45,4,10,0.791,0.4444,0.9184,0.5333,0.8073
419,20,36,2,9,0.8358,0.6897,0.9474,0.7843,0.9419
420,9,52,0,6,0.9104,0.6,1.0,0.75,0.9859
421,18,36,2,11,0.806,0.6207,0.9474,0.7347,0.9147
422,12,43,1,11,0.8209,0.5217,0.9773,0.6667,0.9427
423,16,38,3,10,0.806,0.6154,0.9268,0.7111,0.8518
424,12,42,2,11,0.806,0.5217,0.9545,0.6486,0.8715
425,16,39,1,11,0.8209,0.5926,0.975,0.7273,0.8481
426,14,42,4,7,0.8358,0.6667,0.913,0.7179,0.9141
427,16,39,5,7,0.8209,0.6957,0.8864,0.7273,0.9229
428,16,40,4,7,0.8358,0.6957,0.9091,0.7442,0.9377
429,15,44,2,6,0.8806,0.7143,0.9565,0.7895,0.9141
430,10,43,2,12,0.791,0.4545,0.9556,0.5882,0.8626
431,16,42,4,5,0.8657,0.7619,0.913,0.7805,0.853
432,17,45,4,1,0.9254,0.9444,0.9184,0.8718,0.9898
433,12,44,1,10,0.8358,0.5455,0.9778,0.6857,0.8818
434,17,37,4,9,0.806,0.6538,0.9024,0.7234,0.8677
435,5,49,2,11,0.806,0.3125,0.9608,0.4348,0.8701
436,13,41,2,11,0.806,0.5417,0.9535,0.6667,0.8866
437,10,44,1,12,0.806,0.4545,0.9778,0.6061,0.9141
438,13,43,3,8,0.8358,0.619,0.9348,0.7027,0.8551
439,17,38,2,10,0.8209,0.6296,0.95,0.7391,0.8157
440,18,31,11,7,0.7313,0.72,0.7381,0.6667,0.8686
441,15,44,2,6,0.8806,0.7143,0.9565,0.7895,0.9141
442,17,40,3,7,0.8507,0.7083,0.9302,0.7727,0.9312
443,14,41,4,8,0.8209,0.6364,0.9111,0.7,0.8646
444,13,41,4,9,0.806,0.5909,0.9111,0.6667,0.8657
445,20,36,3,8,0.8358,0.7143,0.9231,0.7843,0.9084
446,18,40,4,5,0.8657,0.7826,0.9091,0.8,0.9298
447,18,35,1,13,0.791,0.5806,0.9722,0.72,0.9642
448,20,34,2,11,0.806,0.6452,0.9444,0.7547,0.8952
449,17,39,1,10,0.8358,0.6296,0.975,0.7556,0.8546
450,12,40,4,11,0.7761,0.5217,0.9091,0.6154,0.8577
451,17,41,0,9,0.8657,0.6538,1.0,0.7907,0.8743
452,17,36,1,13,0.791,0.5667,0.973,0.7083,0.8847
453,16,40,1,10,0.8358,0.6154,0.9756,0.7442,0.9259
454,19,40,2,6,0.8806,0.76,0.9524,0.8261,0.94
455,8,46,4,9,0.806,0.4706,0.92,0.5517,0.8482
456,14,42,3,8,0.8358,0.6364,0.9333,0.7179,0.9273
457,11,44,5,7,0.8209,0.6111,0.898,0.6471,0.771
458,12,41,1,13,0.791,0.48,0.9762,0.6316,0.9162
459,15,36,6,10,0.7612,0.6,0.8571,0.6522,0.8467
460,14,43,2,8,0.8507,0.6364,0.9556,0.7368,0.9364
461,19,38,2,8,0.8507,0.7037,0.95,0.7917,0.9556
462,20,36,6,5,0.8358,0.8,0.8571,0.7843,0.9229
463,21,38,1,7,0.8806,0.75,0.9744,0.84,0.9185
464,12,42,4,9,0.806,0.5714,0.913,0.6486,0.8364
465,18,40,1,8,0.8657,0.6923,0.9756,0.8,0.9109
466,12,39,2,14,0.7612,0.4615,0.9512,0.6,0.8508
467,14,41,4,8,0.8209,0.6364,0.9111,0.7,0.9141
468,14,43,5,5,0.8507,0.7368,0.8958,0.7368,0.92
469,17,43,1,6,0.8955,0.7391,0.9773,0.8293,0.9121
470,17,40,1,9,0.8507,0.6538,0.9756,0.7727,0.9493
471,16,40,1,10,0.8358,0.6154,0.9756,0.7442,0.9315
472,26,31,4,6,0.8507,0.8125,0.8857,0.8387,0.9295
473,11,44,5,7,0.8209,0.6111,0.898,0.6471,0.9048
474,12,45,2,8,0.8507,0.6,0.9574,0.7059,0.8755
475,24,33,4,6,0.8507,0.8,0.8919,0.8276,0.9541
476,14,47,1,5,0.9104,0.7368,0.9792,0.8235,0.9298
477,19,38,3,7,0.8507,0.7308,0.9268,0.7917,0.9456
478,20,36,1,10,0.8358,0.6667,0.973,0.7843,0.964
479,14,44,4,5,0.8657,0.7368,0.9167,0.7568,0.9167
480,21,38,3,5,0.8806,0.8077,0.9268,0.84,0.9681
481,13,45,1,8,0.8657,0.619,0.9783,0.7429,0.9306
482,16,44,0,7,0.8955,0.6957,1.0,0.8205,0.9723
483,12,44,2,9,0.8358,0.5714,0.9565,0.6857,0.9327
484,14,39,4,10,0.791,0.5833,0.907,0.6667,0.9089
485,10,46,2,9,0.8358,0.5263,0.9583,0.6452,0.8191
486,10,49,3,5,0.8806,0.6667,0.9423,0.7143,0.9385
487,11,45,6,5,0.8358,0.6875,0.8824,0.6667,0.9154
488,17,39,2,9,0.8358,0.6538,0.9512,0.7556,0.909
489,22,33,3,9,0.8209,0.7097,0.9167,0.7857,0.8746
490,15,37,1,14,0.7761,0.5172,0.9737,0.6667,0.9247
491,18,35,1,13,0.791,0.5806,0.9722,0.72,0.8952
492,19,35,4,9,0.806,0.6786,0.8974,0.7451,0.8571
493,17,41,5,4,0.8657,0.8095,0.8913,0.7907,0.9161
494,15,39,4,9,0.806,0.625,0.907,0.6977,0.907
495,11,45,3,8,0.8358,0.5789,0.9375,0.6667,0.8575
496,16,42,3,6,0.8657,0.7273,0.9333,0.7805,0.9576
497,14,46,3,4,0.8955,0.7778,0.9388,0.8,0.949
498,11,43,4,9,0.806,0.55,0.9149,0.6286,0.8543
499,19,37,3,8,0.8358,0.7037,0.925,0.7755,0.9204
500,14,44,3,6,0.8657,0.7,0.9362,0.7568,0.8511
501,26,30,5,6,0.8358,0.8125,0.8571,0.8254,0.9357
502,18,37,8,4,0.8209,0.8182,0.8222,0.75,0.9071
503,13,45,2,7,0.8657,0.65,0.9574,0.7429,0.8872
504,21,38,3,5,0.8806,0.8077,0.9268,0.84,0.9456
505,14,41,2,10,0.8209,0.5833,0.9535,0.7,0.875
506,21,40,3,3,0.9104,0.875,0.9302,0.875,0.9622
507,19,39,1,8,0.8657,0.7037,0.975,0.8085,0.9083
508,13,43,3,8,0.8358,0.619,0.9348,0.7027,0.8385
509,15,43,3,6,0.8657,0.7143,0.9348,0.7692,0.9503
510,12,44,5,6,0.8358,0.6667,0.898,0.6857,0.89
511,18,38,2,9,0.8358,0.6667,0.95,0.766,0.9176
512,14,44,2,7,0.8657,0.6667,0.9565,0.7568,0.882
513,17,38,2,10,0.8209,0.6296,0.95,0.7391,0.8546
514,17,41,5,4,0.8657,0.8095,0.8913,0.7907,0.9627
515,18,40,5,4,0.8657,0.8182,0.8889,0.8,0.9687
516,17,37,6,7,0.806,0.7083,0.8605,0.7234,0.936
517,13,48,0,6,0.9104,0.6842,1.0,0.8125,0.8958
518,10,36,2,19,0.6866,0.3448,0.9474,0.4878,0.8176
519,18,42,2,5,0.8955,0.7826,0.9545,0.8372,0.9457
520,16,39,6,6,0.8209,0.7273,0.8667,0.7273,0.8879
521,13,47,4,3,0.8955,0.8125,0.9216,0.7879,0.9559
522,18,36,4,9,0.806,0.6667,0.9,0.7347,0.8935
523,15,43,2,7,0.8657,0.6818,0.9556,0.7692,0.9576
524,13,43,6,5,0.8358,0.7222,0.8776,0.7027,0.8787
525,14,38,4,11,0.7761,0.56,0.9048,0.6512,0.821
526,9,45,5,8,0.806,0.5294,0.9,0.5806,0.7882
527,14,41,7,5,0.8209,0.7368,0.8542,0.7,0.8772
528,13,35,8,11,0.7164,0.5417,0.814,0.5778,0.7897
529,14,40,5,8,0.806,0.6364,0.8889,0.6829,0.8778
530,20,35,2,10,0.8209,0.6667,0.9459,0.7692,0.8811
531,21,41,1,4,0.9254,0.84,0.9762,0.8936,0.9619
532,16,42,4,5,0.8657,0.7619,0.913,0.7805,0.9234
533,15,39,4,9,0.806,0.625,0.907,0.6977,0.8915
534,16,39,6,6,0.8209,0.7273,0.8667,0.7273,0.9051
535,16,31,8,12,0.7015,0.5714,0.7949,0.6154,0.8361
536,14,42,5,6,0.8358,0.7,0.8936,0.7179,0.9128
537,10,39,7,11,0.7313,0.4762,0.8478,0.5263,0.8333
538,12,43,5,7,0.8209,0.6316,0.8958,0.6667,0.8377
539,8,54,2,3,0.9254,0.7273,0.9643,0.7619,0.9692
540,18,37,2,10,0.8209,0.6429,0.9487,0.75,0.9441
541,9,48,4,6,0.8507,0.6,0.9231,0.6429,0.8128
542,16,35,4,12,0.7612,0.5714,0.8974,0.6667,0.8947
543,15,47,1,4,0.9254,0.7895,0.9792,0.8571,0.9605
544,16,39,3,9,0.8209,0.64,0.9286,0.7273,0.9324
545,18,38,2,9,0.8358,0.6667,0.95,0.766,0.9
546,18,40,2,7,0.8657,0.72,0.9524,0.8,0.939
547,12,47,3,5,0.8806,0.7059,0.94,0.75,0.9153
548,19,40,2,6,0.8806,0.76,0.9524,0.8261,0.9581
549,13,44,3,7,0.8507,0.65,0.9362,0.7222,0.883
550,14,41,3,9,0.8209,0.6087,0.9318,0.7,0.8617
551,20,36,5,6,0.8358,0.7692,0.878,0.7843,0.9156
552,22,33,2,10,0.8209,0.6875,0.9429,0.7857,0.8866
553,16,38,3,10,0.806,0.6154,0.9268,0.7111,0.8546
554,9,49,5,4,0.8657,0.6923,0.9074,0.6667,0.9345
555,15,43,1,8,0.8657,0.6522,0.9773,0.7692,0.8854
556,18,39,3,7,0.8507,0.72,0.9286,0.7826,0.9038
557,20,38,2,7,0.8657,0.7407,0.95,0.8163,0.9185
558,10,45,3,9,0.8209,0.5263,0.9375,0.625,0.8783
559,17,42,2,6,0.8806,0.7391,0.9545,0.8095,0.9318
560,16,44,2,5,0.8955,0.7619,0.9565,0.8205,0.9379
561,23,37,2,5,0.8955,0.8214,0.9487,0.8679,0.9277
562,15,42,3,7,0.8507,0.6818,0.9333,0.75,0.9263
563,15,46,4,2,0.9104,0.8824,0.92,0.8333,0.9612
564,11,46,2,8,0.8507,0.5789,0.9583,0.6875,0.8904
565,14,41,1,11,0.8209,0.56,0.9762,0.7,0.899
566,11,43,2,11,0.806,0.5,0.9556,0.6286,0.903
567,22,39,2,4,0.9104,0.8462,0.9512,0.88,0.9296
568,17,41,4,5,0.8657,0.7727,0.9111,0.7907,0.8939
569,15,45,2,5,0.8955,0.75,0.9574,0.8108,0.9532
570,18,36,3,10,0.806,0.6429,0.9231,0.7347,0.8956
571,12,43,3,9,0.8209,0.5714,0.9348,0.6667,0.883
572,20,42,0,5,0.9254,0.8,1.0,0.8889,0.9933
573,20,32,1,14,0.7761,0.5882,0.9697,0.7273,0.9109
574,16,38,5,8,0.806,0.6667,0.8837,0.7111,0.8479
575,15,45,2,5,0.8955,0.75,0.9574,0.8108,0.966
576,19,38,3,7,0.8507,0.7308,0.9268,0.7917,0.9475
577,18,37,7,5,0.8209,0.7826,0.8409,0.75,0.9051
578,12,38,4,13,0.7463,0.48,0.9048,0.5854,0.8781
579,22,35,4,6,0.8507,0.7857,0.8974,0.8148,0.9277
580,12,46,1,8,0.8657,0.6,0.9787,0.7273,0.8723
581,10,43,2,12,0.791,0.4545,0.9556,0.5882,0.8495
582,11,40,6,10,0.7612,0.5238,0.8696,0.5789,0.8147
583,10,45,3,9,0.8209,0.5263,0.9375,0.625,0.8586
584,16,37,4,10,0.791,0.6154,0.9024,0.6957,0.9071
585,13,44,3,7,0.8507,0.65,0.9362,0.7222,0.9362
586,18,34,8,7,0.7761,0.72,0.8095,0.7059,0.8867
587,14,45,0,8,0.8806,0.6364,1.0,0.7778,0.8869
588,18,39,5,5,0.8507,0.7826,0.8864,0.7826,0.9368
589,19,41,4,3,0.8955,0.8636,0.9111,0.8444,0.9626
590,11,45,2,9,0.8358,0.55,0.9574,0.6667,0.8213
591,12,43,2,10,0.8209,0.5455,0.9556,0.6667,0.8939
592,10,50,3,4,0.8955,0.7143,0.9434,0.7407,0.8854
593,19,38,0,10,0.8507,0.6552,1.0,0.7917,0.9501
594,16,40,4,7,0.8358,0.6957,0.9091,0.7442,0.915
595,12,48,1,6,0.8955,0.6667,0.9796,0.7742,0.9875
596,10,43,3,11,0.791,0.4762,0.9348,0.5882,0.8478
597,12,45,4,6,0.8507,0.6667,0.9184,0.7059,0.8934
598,19,40,1,7,0.8806,0.7308,0.9756,0.8261,0.9644
599,11,40,2,14,0.7612,0.44,0.9524,0.5789,0.8629
600,15,43,2,7,0.8657,0.6818,0.9556,0.7692,0.8808
601,14,42,5,6,0.8358,0.7,0.8936,0.7179,0.9351
602,8,44,3,12,0.7761,0.4,0.9362,0.5161,0.8181
603,11,50,1,5,0.9104,0.6875,0.9804,0.7857,0.8787
604,11,41,6,9,0.7761,0.55,0.8723,0.5946,0.8553
605,17,39,4,7,0.8358,0.7083,0.907,0.7556,0.9409
606,16,43,1,7,0.8806,0.6957,0.9773,0.8,0.918
607,15,37,3,12,0.7761,0.5556,0.925,0.6667,0.8787
608,12,42,2,11,0.806,0.5217,0.9545,0.6486,0.8715
609,17,41,1,8,0.8657,0.68,0.9762,0.7907,0.8752
610,15,43,4,5,0.8657,0.75,0.9149,0.7692,0.9511
611,8,44,5,10,0.7761,0.4444,0.898,0.5161,0.7596
612,16,45,2,4,0.9104,0.8,0.9574,0.8421,0.9798
613,14,45,2,6,0.8806,0.7,0.9574,0.7778,0.9021
614,17,42,2,6,0.8806,0.7391,0.9545,0.8095,0.9081
615,15,44,2,6,0.8806,0.7143,0.9565,0.7895,0.8778
616,19,36,6,6,0.8209,0.76,0.8571,0.76,0.9124
617,19,35,6,7,0.806,0.7308,0.8537,0.7451,0.954
618,14,40,3,10,0.806,0.5833,0.9302,0.6829,0.8789
619,11,46,5,5,0.8507,0.6875,0.902,0.6875,0.9338
620,17,39,2,9,0.8358,0.6538,0.9512,0.7556,0.909
621,15,40,3,9,0.8209,0.625,0.9302,0.7143,0.8508
622,19,42,2,4,0.9104,0.8261,0.9545,0.8636,0.9377
623,19,38,3,7,0.8507,0.7308,0.9268,0.7917,0.939
624,16,35,1,15,0.7612,0.5161,0.9722,0.6667,0.9624
625,15,38,5,9,0.791,0.625,0.8837,0.6818,0.8866
626,13,44,2,8,0.8507,0.619,0.9565,0.7222,0.9006
627,18,41,5,3,0.8806,0.8571,0.8913,0.8182,0.9772
628,15,42,4,6,0.8507,0.7143,0.913,0.75,0.8841
629,13,40,4,10,0.791,0.5652,0.9091,0.65,0.8686
630,12,43,3,9,0.8209,0.5714,0.9348,0.6667,0.9234
631,16,36,4,11,0.7761,0.5926,0.9,0.6809,0.8667
632,17,39,1,10,0.8358,0.6296,0.975,0.7556,0.8639
633,15,43,4,5,0.8657,0.75,0.9149,0.7692,0.967
634,18,37,1,11,0.8209,0.6207,0.9737,0.75,0.8857
635,12,42,1,12,0.806,0.5,0.9767,0.6486,0.8983
636,11,48,3,5,0.8806,0.6875,0.9412,0.7333,0.8909
637,12,45,5,5,0.8507,0.7059,0.9,0.7059,0.9576
638,17,39,3,8,0.8358,0.68,0.9286,0.7556,0.9067
639,15,37,3,12,0.7761,0.5556,0.925,0.6667,0.7944
640,12,42,3,10,0.806,0.5455,0.9333,0.6486,0.9162
641,17,36,2,12,0.791,0.5862,0.9474,0.7083,0.8711
642,19,42,1,5,0.9104,0.7917,0.9767,0.8636,0.968
643,13,41,4,9,0.806,0.5909,0.9111,0.6667,0.9121
644,17,41,3,6,0.8657,0.7391,0.9318,0.7907,0.9615
645,19,39,2,7,0.8657,0.7308,0.9512,0.8085,0.9615
646,9,44,2,12,0.791,0.4286,0.9565,0.5625,0.8447
647,16,37,4,10,0.791,0.6154,0.9024,0.6957,0.8893
648,22,32,2,11,0.806,0.6667,0.9412,0.7719,0.9002
649,12,43,4,8,0.8209,0.6,0.9149,0.6667,0.8851
650,17,39,2,9,0.8358,0.6538,0.9512,0.7556,0.9043
651,14,37,4,12,0.7612,0.5385,0.9024,0.6364,0.8583
652,18,38,3,8,0.8358,0.6923,0.9268,0.766,0.9015
653,14,39,3,11,0.791,0.56,0.9286,0.6667,0.8505
654,16,43,4,4,0.8806,0.8,0.9149,0.8,0.9362
655,12,45,3,7,0.8507,0.6316,0.9375,0.7059,0.8794
656,14,45,4,4,0.8806,0.7778,0.9184,0.7778,0.9195
657,22,37,1,7,0.8806,0.7586,0.9737,0.8462,0.9837
658,12,45,4,6,0.8507,0.6667,0.9184,0.7059,0.9104
659,19,40,1,7,0.8806,0.7308,0.9756,0.8261,0.9447
660,18,39,3,7,0.8507,0.72,0.9286,0.7826,0.8819
661,21,42,1,3,0.9403,0.875,0.9767,0.913,0.9738
662,17,40,5,5,0.8507,0.7727,0.8889,0.7727,0.9121
663,15,41,3,8,0.8358,0.6522,0.9318,0.7317,0.8992
664,13,43,5,6,0.8358,0.6842,0.8958,0.7027,0.8838
665,18,41,2,6,0.8806,0.75,0.9535,0.8182,0.9506
666,11,44,2,10,0.8209,0.5238,0.9565,0.6471,0.8551
667,11,43,3,10,0.806,0.5238,0.9348,0.6286,0.8747
668,16,41,2,8,0.8507,0.6667,0.9535,0.7619,0.8905
669,10,40,5,12,0.7463,0.4545,0.8889,0.5405,0.8
670,13,45,3,6,0.8657,0.6842,0.9375,0.7429,0.9529
671,15,35,6,11,0.7463,0.5769,0.8537,0.6383,0.8246
672,15,39,6,7,0.806,0.6818,0.8667,0.6977,0.8657
673,16,41,4,6,0.8507,0.7273,0.9111,0.7619,0.9091
674,9,43,4,11,0.7761,0.45,0.9149,0.5455,0.8894
675,10,45,3,9,0.8209,0.5263,0.9375,0.625,0.8827
676,13,40,3,11,0.791,0.5417,0.9302,0.65,0.8014
677,12,38,5,12,0.7463,0.5,0.8837,0.5854,0.7829
678,18,42,2,5,0.8955,0.7826,0.9545,0.8372,0.9407
679,14,42,3,8,0.8358,0.6364,0.9333,0.7179,0.9313
680,14,38,2,13,0.7761,0.5185,0.95,0.6512,0.862
681,22,39,2,4,0.9104,0.8462,0.9512,0.88,0.9578
682,13,47,1,6,0.8955,0.6842,0.9792,0.7879,0.9276
683,18,44,1,4,0.9254,0.8182,0.9778,0.878,0.9242
684,11,43,4,9,0.806,0.55,0.9149,0.6286,0.9223
685,12,41,3,11,0.791,0.5217,0.9318,0.6316,0.8814
686,13,44,2,8,0.8507,0.619,0.9565,0.7222,0.8665
687,18,43,3,3,0.9104,0.8571,0.9348,0.8571,0.9627
688,14,42,4,7,0.8358,0.6667,0.913,0.7179,0.8665
689,23,39,0,5,0.9254,0.8214,1.0,0.902,0.9533
690,22,33,5,7,0.8209,0.7586,0.8684,0.7857,0.9093
691,18,43,3,3,0.9104,0.8571,0.9348,0.8571,0.9617
692,16,43,2,6,0.8806,0.7273,0.9556,0.8,0.9657
693,12,39,4,12,0.7612,0.5,0.907,0.6,0.8062
694,17,41,3,6,0.8657,0.7391,0.9318,0.7907,0.9091
695,12,35,7,13,0.7015,0.48,0.8333,0.5455,0.7886
696,19,40,2,6,0.8806,0.76,0.9524,0.8261,0.9286
697,18,38,4,7,0.8358,0.72,0.9048,0.766,0.8676
698,15,41,5,6,0.8358,0.7143,0.8913,0.7317,0.8551
699,18,37,3,9,0.8209,0.6667,0.925,0.75,0.8972
700,17,41,2,7,0.8657,0.7083,0.9535,0.7907,0.8866
701,16,41,4,6,0.8507,0.7273,0.9111,0.7619,0.8879
702,18,41,2,6,0.8806,0.75,0.9535,0.8182,0.9176
703,11,47,3,6,0.8657,0.6471,0.94,0.7097,0.9247
704,16,42,2,7,0.8657,0.6957,0.9545,0.7805,0.914
705,15,44,2,6,0.8806,0.7143,0.9565,0.7895,0.9431
706,22,38,3,4,0.8955,0.8462,0.9268,0.8627,0.9343
707,12,41,5,9,0.791,0.5714,0.8913,0.6316,0.824
708,13,45,1,8,0.8657,0.619,0.9783,0.7429,0.8675
709,22,33,2,10,0.8209,0.6875,0.9429,0.7857,0.933
710,15,39,3,10,0.806,0.6,0.9286,0.6977,0.8743
711,20,39,2,6,0.8806,0.7692,0.9512,0.8333,0.9559
712,12,37,4,14,0.7313,0.4615,0.9024,0.5714,0.8255
713,18,33,4,12,0.7612,0.6,0.8919,0.6923,0.9171
714,16,42,2,7,0.8657,0.6957,0.9545,0.7805,0.9684
715,12,39,2,14,0.7612,0.4615,0.9512,0.6,0.8537
716,18,44,2,3,0.9254,0.8571,0.9565,0.878,0.9482
717,15,38,3,11,0.791,0.5769,0.9268,0.6818,0.8696
718,13,43,4,7,0.8358,0.65,0.9149,0.7027,0.8681
719,15,41,4,7,0.8358,0.6818,0.9111,0.7317,0.901
720,12,45,3,7,0.8507,0.6316,0.9375,0.7059,0.9156
721,16,39,6,6,0.8209,0.7273,0.8667,0.7273,0.8747
722,16,41,3,7,0.8507,0.6957,0.9318,0.7619,0.9071
723,16,37,4,10,0.791,0.6154,0.9024,0.6957,0.788
724,10,48,4,5,0.8657,0.6667,0.9231,0.6897,0.8615
725,10,51,1,5,0.9104,0.6667,0.9808,0.7692,0.9769
726,7,49,4,7,0.8358,0.5,0.9245,0.56,0.9003
727,19,39,3,6,0.8657,0.76,0.9286,0.8085,0.9552
728,12,46,5,4,0.8657,0.75,0.902,0.7273,0.962
729,10,48,2,7,0.8657,0.5882,0.96,0.6897,0.9282
730,14,37,4,12,0.7612,0.5385,0.9024,0.6364,0.8856
731,20,39,5,3,0.8806,0.8696,0.8864,0.8333,0.9664
732,17,40,2,8,0.8507,0.68,0.9524,0.7727,0.9267
733,15,34,5,13,0.7313,0.5357,0.8718,0.625,0.8324
734,19,38,3,7,0.8507,0.7308,0.9268,0.7917,0.9418
735,16,36,3,12,0.7761,0.5714,0.9231,0.6809,0.9011
736,14,39,2,12,0.791,0.5385,0.9512,0.6667,0.8424
737,11,47,2,7,0.8657,0.6111,0.9592,0.7097,0.8571
738,12,45,2,8,0.8507,0.6,0.9574,0.7059,0.9521
739,14,43,2,8,0.8507,0.6364,0.9556,0.7368,0.902
740,15,43,4,5,0.8657,0.75,0.9149,0.7692,0.9149
741,10,43,2,12,0.791,0.4545,0.9556,0.5882,0.8394
742,14,44,1,8,0.8657,0.6364,0.9778,0.7568,0.9121
743,13,43,2,9,0.8358,0.5909,0.9556,0.7027,0.7737
744,11,48,3,5,0.8806,0.6875,0.9412,0.7333,0.9265
745,13,38,2,14,0.7612,0.4815,0.95,0.619,0.8519
746,11,40,3,13,0.7612,0.4583,0.9302,0.5789,0.8421
747,16,39,1,11,0.8209,0.5926,0.975,0.7273,0.912
748,12,46,3,6,0.8657,0.6667,0.9388,0.7273,0.8583
749,14,44,4,5,0.8657,0.7368,0.9167,0.7568,0.9496
750,15,41,4,7,0.8358,0.6818,0.9111,0.7317,0.9343
751,20,35,5,7,0.8209,0.7407,0.875,0.7692,0.9204
752,11,44,4,8,0.8209,0.5789,0.9167,0.6471,0.8882
753,12,39,5,11,0.7612,0.5217,0.8864,0.6,0.8577
754,14,36,9,8,0.7463,0.6364,0.8,0.6222,0.8939
755,13,40,4,10,0.791,0.5652,0.9091,0.65,0.8893
756,18,40,3,6,0.8657,0.75,0.9302,0.8,0.9516
757,15,40,1,11,0.8209,0.5769,0.9756,0.7143,0.9315
758,12,41,4,10,0.791,0.5455,0.9111,0.6316,0.8566
759,14,41,2,10,0.8209,0.5833,0.9535,0.7,0.9419
760,17,39,3,8,0.8358,0.68,0.9286,0.7556,0.9267
761,13,41,1,12,0.806,0.52,0.9762,0.6667,0.8343
762,13,41,2,11,0.806,0.5417,0.9535,0.6667,0.9128
763,12,46,2,7,0.8657,0.6316,0.9583,0.7273,0.9364
764,16,41,3,7,0.8507,0.6957,0.9318,0.7619,0.9526
765,12,44,2,9,0.8358,0.5714,0.9565,0.6857,0.9286
766,15,40,4,8,0.8209,0.6522,0.9091,0.7143,0.915
767,18,39,0,10,0.8507,0.6429,1.0,0.7826,0.9817
768,12,41,4,10,0.791,0.5455,0.9111,0.6316,0.902
769,10,44,3,10,0.806,0.5,0.9362,0.6061,0.8532
770,10,42,5,10,0.7761,0.5,0.8936,0.5714,0.8564
771,13,46,3,5,0.8806,0.7222,0.9388,0.7647,0.9206
772,7,46,3,11,0.791,0.3889,0.9388,0.5,0.78
773,11,46,4,6,0.8507,0.6471,0.92,0.6875,0.8718
774,13,38,3,13,0.7612,0.5,0.9268,0.619,0.7852
775,14,42,4,7,0.8358,0.6667,0.913,0.7179,0.8375
776,12,49,3,3,0.9104,0.8,0.9423,0.8,0.9551
777,14,41,3,9,0.8209,0.6087,0.9318,0.7,0.8992
778,14,41,4,8,0.8209,0.6364,0.9111,0.7,0.9485
779,22,37,3,5,0.8806,0.8148,0.925,0.8462,0.9463
780,14,35,2,16,0.7313,0.4667,0.9459,0.6087,0.8216
781,17,43,3,4,0.8955,0.8095,0.9348,0.8293,0.9586
782,17,41,1,8,0.8657,0.68,0.9762,0.7907,0.8152
783,14,42,4,7,0.8358,0.6667,0.913,0.7179,0.8986
784,16,44,2,5,0.8955,0.7619,0.9565,0.8205,0.8737
785,16,44,3,4,0.8955,0.8,0.9362,0.8205,0.9394
786,14,40,5,8,0.806,0.6364,0.8889,0.6829,0.9202
787,17,37,5,8,0.806,0.68,0.881,0.7234,0.9067
788,13,40,3,11,0.791,0.5417,0.9302,0.65,0.8353
789,16,38,8,5,0.806,0.7619,0.8261,0.7111,0.9265
790,16,37,4,10,0.791,0.6154,0.9024,0.6957,0.8293
791,16,43,3,5,0.8806,0.7619,0.9348,0.8,0.8292
792,17,40,2,8,0.8507,0.68,0.9524,0.7727,0.9505
793,14,43,3,7,0.8507,0.6667,0.9348,0.7368,0.9141
794,8,43,3,13,0.7612,0.381,0.9348,0.5,0.8727
795,16,43,1,7,0.8806,0.6957,0.9773,0.8,0.9822
796,16,33,3,15,0.7313,0.5161,0.9167,0.64,0.8172
797,9,42,4,12,0.7612,0.4286,0.913,0.5294,0.8841
798,16,38,2,11,0.806,0.5926,0.95,0.7111,0.8278
799,18,38,3,8,0.8358,0.6923,0.9268,0.766,0.9296
800,21,34,5,7,0.8209,0.75,0.8718,0.7778,0.9093
801,14,42,2,9,0.8358,0.6087,0.9545,0.7179,0.8883
802,15,41,1,10,0.8358,0.6,0.9762,0.7317,0.9305
803,17,39,5,6,0.8358,0.7391,0.8864,0.7556,0.918
804,12,47,3,5,0.8806,0.7059,0.94,0.75,0.9376
805,15,42,3,7,0.8507,0.6818,0.9333,0.75,0.8768
806,9,38,5,15,0.7015,0.375,0.8837,0.4737,0.7723
807,17,34,2,14,0.7612,0.5484,0.9444,0.68,0.8772
808,17,41,1,8,0.8657,0.68,0.9762,0.7907,0.9343
809,9,43,1,14,0.7761,0.3913,0.9773,0.5455,0.8182
810,14,37,5,11,0.7612,0.56,0.881,0.6364,0.7895
811,16,38,3,10,0.806,0.6154,0.9268,0.7111,0.9362
812,18,40,0,9,0.8657,0.6667,1.0,0.8,0.937
813,15,42,2,8,0.8507,0.6522,0.9545,0.75,0.9101
814,21,36,4,6,0.8507,0.7778,0.9,0.8077,0.9389
815,21,35,3,8,0.8358,0.7241,0.9211,0.7925,0.9147
816,15,36,7,9,0.7612,0.625,0.8372,0.6522,0.8081
817,15,42,2,8,0.8507,0.6522,0.9545,0.75,0.8893
818,18,39,2,8,0.8507,0.6923,0.9512,0.7826,0.8931
819,18,39,3,7,0.8507,0.72,0.9286,0.7826,0.961
820,16,43,2,6,0.8806,0.7273,0.9556,0.8,0.9364
821,17,33,4,13,0.7463,0.5667,0.8919,0.6667,0.8757
822,12,44,2,9,0.8358,0.5714,0.9565,0.6857,0.912
823,8,47,3,9,0.8209,0.4706,0.94,0.5714,0.8671
824,15,44,3,5,0.8806,0.75,0.9362,0.7895,0.9479
825,13,39,2,13,0.7761,0.5,0.9512,0.6341,0.8809
826,17,41,2,7,0.8657,0.7083,0.9535,0.7907,0.8905
827,14,46,4,3,0.8955,0.8235,0.92,0.8,0.94
828,8,48,5,6,0.8358,0.5714,0.9057,0.5926,0.9057
829,13,50,1,3,0.9403,0.8125,0.9804,0.8667,0.9461
830,13,43,7,4,0.8358,0.7647,0.86,0.7027,0.9271
831,11,41,3,12,0.7761,0.4783,0.9318,0.5946,0.8607
832,20,36,1,10,0.8358,0.6667,0.973,0.7843,0.973
833,13,40,1,13,0.791,0.5,0.9756,0.65,0.9278
834,22,38,2,5,0.8955,0.8148,0.95,0.8627,0.987
835,16,44,2,5,0.8955,0.7619,0.9565,0.8205,0.9213
836,22,35,4,6,0.8507,0.7857,0.8974,0.8148,0.9515
837,18,42,2,5,0.8955,0.7826,0.9545,0.8372,0.8893
838,20,40,4,3,0.8955,0.8696,0.9091,0.8511,0.9457
839,18,40,1,8,0.8657,0.6923,0.9756,0.8,0.9456
840,10,44,6,7,0.806,0.5882,0.88,0.6061,0.8459
841,17,39,5,6,0.8358,0.7391,0.8864,0.7556,0.9348
842,14,44,4,5,0.8657,0.7368,0.9167,0.7568,0.9583
843,11,44,6,6,0.8209,0.6471,0.88,0.6471,0.8894
844,14,40,4,9,0.806,0.6087,0.9091,0.6829,0.8132
845,13,46,4,4,0.8806,0.7647,0.92,0.7647,0.9553
846,12,48,3,4,0.8955,0.75,0.9412,0.7742,0.9571
847,20,40,2,5,0.8955,0.8,0.9524,0.8511,0.9648
848,12,46,4,5,0.8657,0.7059,0.92,0.7273,0.9612
849,17,39,1,10,0.8358,0.6296,0.975,0.7556,0.8981
850,10,46,5,6,0.8358,0.625,0.902,0.6452,0.8848
851,13,45,3,6,0.8657,0.6842,0.9375,0.7429,0.8311
852,15,49,2,1,0.9552,0.9375,0.9608,0.9091,0.9559
853,17,39,1,10,0.8358,0.6296,0.975,0.7556,0.8954
854,18,39,0,10,0.8507,0.6429,1.0,0.7826,0.8837
855,15,35,8,9,0.7463,0.625,0.814,0.6383,0.8159
856,16,42,2,7,0.8657,0.6957,0.9545,0.7805,0.8903
857,12,44,5,6,0.8358,0.6667,0.898,0.6857,0.9331
858,9,44,5,9,0.791,0.5,0.898,0.5625,0.8311
859,17,45,2,3,0.9254,0.85,0.9574,0.8718,0.966
860,15,44,1,7,0.8806,0.6818,0.9778,0.7895,0.9394
861,14,42,4,7,0.8358,0.6667,0.913,0.7179,0.9141
862,17,35,4,11,0.7761,0.6071,0.8974,0.6939,0.8892
863,11,45,2,9,0.8358,0.55,0.9574,0.6667,0.9043
864,15,40,4,8,0.8209,0.6522,0.9091,0.7143,0.8409
865,17,46,3,1,0.9403,0.9444,0.9388,0.8947,0.9955
866,13,43,0,11,0.8358,0.5417,1.0,0.7027,0.8266
867,22,39,3,3,0.9104,0.88,0.9286,0.88,0.9524
868,11,44,3,9,0.8209,0.55,0.9362,0.6471,0.8915
869,21,34,5,7,0.8209,0.75,0.8718,0.7778,0.9048
870,14,47,1,5,0.9104,0.7368,0.9792,0.8235,0.852
871,15,41,4,7,0.8358,0.6818,0.9111,0.7317,0.8758
872,15,41,0,11,0.8358,0.5769,1.0,0.7317,0.8696
873,16,37,4,10,0.791,0.6154,0.9024,0.6957,0.8499
874,16,46,2,3,0.9254,0.8421,0.9583,0.8649,0.9364
875,18,36,5,8,0.806,0.6923,0.878,0.7347,0.9343
876,12,42,2,11,0.806,0.5217,0.9545,0.6486,0.8824
877,18,39,2,8,0.8507,0.6923,0.9512,0.7826,0.9765
878,14,40,3,10,0.806,0.5833,0.9302,0.6829,0.8304
879,10,43,5,9,0.791,0.5263,0.8958,0.5882,0.8432
880,13,46,2,6,0.8806,0.6842,0.9583,0.7647,0.943
881,12,38,4,13,0.7463,0.48,0.9048,0.5854,0.7848
882,12,43,6,6,0.8209,0.6667,0.8776,0.6667,0.8651
883,12,42,4,9,0.806,0.5714,0.913,0.6486,0.8768
884,17,37,5,8,0.806,0.68,0.881,0.7234,0.8952
885,15,47,1,4,0.9254,0.7895,0.9792,0.8571,0.9572
886,14,43,2,8,0.8507,0.6364,0.9556,0.7368,0.8747
887,15,43,3,6,0.8657,0.7143,0.9348,0.7692,0.8778
888,17,36,3,11,0.791,0.6071,0.9231,0.7083,0.8526
889,20,37,2,8,0.8507,0.7143,0.9487,0.8,0.9744
890,6,45,5,11,0.7612,0.3529,0.9,0.4286,0.7941
891,15,45,2,5,0.8955,0.75,0.9574,0.8108,0.9691
892,17,38,5,7,0.8209,0.7083,0.8837,0.7391,0.9283
893,13,43,1,10,0.8358,0.5652,0.9773,0.7027,0.9279
894,19,30,5,13,0.7313,0.5938,0.8571,0.6786,0.8286
895,14,47,1,5,0.9104,0.7368,0.9792,0.8235,0.9353
896,17,38,5,7,0.8209,0.7083,0.8837,0.7391,0.8682
897,13,43,3,8,0.8358,0.619,0.9348,0.7027,0.9255
898,14,42,3,8,0.8358,0.6364,0.9333,0.7179,0.8566
899,14,45,0,8,0.8806,0.6364,1.0,0.7778,0.9646
900,20,34,2,11,0.806,0.6452,0.9444,0.7547,0.8808
901,16,44,0,7,0.8955,0.6957,1.0,0.8205,0.9239
902,11,43,4,9,0.806,0.55,0.9149,0.6286,0.8585
903,12,40,7,8,0.7761,0.6,0.8511,0.6154,0.8351
904,18,37,6,6,0.8209,0.75,0.8605,0.75,0.9186
905,9,46,3,9,0.8209,0.5,0.9388,0.6,0.8878
906,8,46,3,10,0.806,0.4444,0.9388,0.5517,0.9138
907,14,43,3,7,0.8507,0.6667,0.9348,0.7368,0.8923
908,19,36,7,5,0.8209,0.7917,0.8372,0.76,0.9399
909,12,46,1,8,0.8657,0.6,0.9787,0.7273,0.8766
910,17,36,2,12,0.791,0.5862,0.9474,0.7083,0.9274
911,15,43,2,7,0.8657,0.6818,0.9556,0.7692,0.8677
912,13,44,2,8,0.8507,0.619,0.9565,0.7222,0.9141
913,19,39,2,7,0.8657,0.7308,0.9512,0.8085,0.9062
914,12,42,3,10,0.806,0.5455,0.9333,0.6486,0.9273
915,14,46,2,5,0.8955,0.7368,0.9583,0.8,0.9452
916,14,46,3,4,0.8955,0.7778,0.9388,0.8,0.9535
917,18,32,7,10,0.7463,0.6429,0.8205,0.6792,0.8636
918,15,44,2,6,0.8806,0.7143,0.9565,0.7895,0.9441
919,15,37,4,11,0.7761,0.5769,0.9024,0.6667,0.8827
920,19,35,3,10,0.806,0.6552,0.9211,0.7451,0.9256
921,14,42,3,8,0.8358,0.6364,0.9333,0.7179,0.904
922,14,33,3,17,0.7015,0.4516,0.9167,0.5833,0.8405
923,14,42,3,8,0.8358,0.6364,0.9333,0.7179,0.8384
924,13,44,2,8,0.8507,0.619,0.9565,0.7222,0.913
925,11,48,3,5,0.8806,0.6875,0.9412,0.7333,0.962
926,16,37,3,11,0.791,0.5926,0.925,0.6957,0.8741
927,9,45,3,10,0.806,0.4737,0.9375,0.5806,0.875
928,12,45,6,4,0.8507,0.75,0.8824,0.7059,0.935
929,12,44,2,9,0.8358,0.5714,0.9565,0.6857,0.8716
930,15,42,3,7,0.8507,0.6818,0.9333,0.75,0.8677
931,12,49,1,5,0.9104,0.7059,0.98,0.8,0.9529
932,16,42,4,5,0.8657,0.7619,0.913,0.7805,0.883
933,12,46,3,6,0.8657,0.6667,0.9388,0.7273,0.966
934,17,38,1,11,0.8209,0.6071,0.9744,0.7391,0.8919
935,17,38,5,7,0.8209,0.7083,0.8837,0.7391,0.9109
936,19,37,3,8,0.8358,0.7037,0.925,0.7755,0.9361
937,12,45,4,6,0.8507,0.6667,0.9184,0.7059,0.9161
938,16,42,2,7,0.8657,0.6957,0.9545,0.7805,0.916
939,18,39,3,7,0.8507,0.72,0.9286,0.7826,0.9095
940,22,39,4,2,0.9104,0.9167,0.907,0.88,0.9855
941,12,46,4,5,0.8657,0.7059,0.92,0.7273,0.8824
942,13,40,4,10,0.791,0.5652,0.9091,0.65,0.8765
943,15,44,1,7,0.8806,0.6818,0.9778,0.7895,0.898
944,10,42,2,13,0.7761,0.4348,0.9545,0.5714,0.8132
945,11,42,5,9,0.791,0.55,0.8936,0.6111,0.8447
946,12,42,3,10,0.806,0.5455,0.9333,0.6486,0.8848
947,18,40,2,7,0.8657,0.72,0.9524,0.8,0.9
948,17,44,1,5,0.9104,0.7727,0.9778,0.85,0.9657
949,10,47,1,9,0.8507,0.5263,0.9792,0.6667,0.9057
950,20,41,5,1,0.9104,0.9524,0.8913,0.8696,0.9772
951,12,46,5,4,0.8657,0.75,0.902,0.7273,0.9412
952,14,46,3,4,0.8955,0.7778,0.9388,0.8,0.9297
953,9,46,3,9,0.8209,0.5,0.9388,0.6,0.9331
954,12,39,3,13,0.7612,0.48,0.9286,0.6,0.8181
955,12,43,7,5,0.8209,0.7059,0.86,0.6667,0.9118
956,16,42,2,7,0.8657,0.6957,0.9545,0.7805,0.8893
957,20,43,0,4,0.9403,0.8333,1.0,0.9091,0.9593
958,13,42,3,9,0.8209,0.5909,0.9333,0.6842,0.8323
959,11,40,3,13,0.7612,0.4583,0.9302,0.5789,0.8149
960,15,43,2,7,0.8657,0.6818,0.9556,0.7692,0.8778
961,16,38,4,9,0.806,0.64,0.9048,0.7111,0.8905
962,10,45,5,7,0.8209,0.5882,0.9,0.625,0.9012
963,14,43,4,6,0.8507,0.7,0.9149,0.7368,0.8649
964,18,35,2,12,0.791,0.6,0.9459,0.72,0.8261
965,20,36,5,6,0.8358,0.7692,0.878,0.7843,0.9343
966,17,44,1,5,0.9104,0.7727,0.9778,0.85,0.9465
967,13,44,2,8,0.8507,0.619,0.9565,0.7222,0.9037
968,20,38,3,6,0.8657,0.7692,0.9268,0.8163,0.9578
969,12,40,4,11,0.7761,0.5217,0.9091,0.6154,0.8063
970,18,40,6,3,0.8657,0.8571,0.8696,0.8,0.9482
971,9,49,4,5,0.8657,0.6429,0.9245,0.6667,0.9178
972,11,50,1,5,0.9104,0.6875,0.9804,0.7857,0.8603
973,18,38,3,8,0.8358,0.6923,0.9268,0.766,0.8705
974,17,39,7,4,0.8358,0.8095,0.8478,0.7556,0.9638
975,21,38,2,6,0.8806,0.7778,0.95,0.84,0.9222
976,16,44,4,3,0.8955,0.8421,0.9167,0.8205,0.9397
977,16,37,6,8,0.791,0.6667,0.8605,0.6957,0.8924
978,19,36,3,9,0.8209,0.6786,0.9231,0.76,0.9139
979,17,33,6,11,0.7463,0.6071,0.8462,0.6667,0.8507
980,10,40,1,16,0.7463,0.3846,0.9756,0.5405,0.772
981,24,28,8,7,0.7761,0.7742,0.7778,0.7619,0.8889
982,16,38,3,10,0.806,0.6154,0.9268,0.7111,0.8724
983,10,49,5,3,0.8806,0.7692,0.9074,0.7143,0.8974
984,16,39,4,8,0.8209,0.6667,0.907,0.7273,0.8866
985,13,44,1,9,0.8507,0.5909,0.9778,0.7222,0.9303
986,17,39,3,8,0.8358,0.68,0.9286,0.7556,0.9219
987,12,47,1,7,0.8806,0.6316,0.9792,0.75,0.92
988,13,43,5,6,0.8358,0.6842,0.8958,0.7027,0.8914
989,22,34,2,9,0.8358,0.7097,0.9444,0.8,0.8844
990,11,44,6,6,0.8209,0.6471,0.88,0.6471,0.9012
991,11,47,3,6,0.8657,0.6471,0.94,0.7097,0.9235
992,15,36,7,9,0.7612,0.625,0.8372,0.6522,0.876
993,9,44,4,10,0.791,0.4737,0.9167,0.5625,0.7544
994,15,40,2,10,0.8209,0.6,0.9524,0.7143,0.8962
995,19,37,4,7,0.8358,0.7308,0.9024,0.7755,0.9503
996,12,45,4,6,0.8507,0.6667,0.9184,0.7059,0.8605
997,16,33,4,14,0.7313,0.5333,0.8919,0.64,0.8631
998,15,46,2,4,0.9104,0.7895,0.9583,0.8333,0.9846
999,15,38,4,10,0.791,0.6,0.9048,0.6818,0.8495
1000,23,36,2,6,0.8806,0.7931,0.9474,0.8519,0.8838
