round,TP,TN,FP,FN,Accuracy,Sensitivity_Class0,Specificity_Class0,F1_Class0,Sensitivity_Class1,Specificity_Class1,F1_Class1,AUC
1,19,64,12,7,0.8137,0.8421,0.7308,0.8707,0.7308,0.8421,0.6667,0.8649
2,17,65,13,7,0.8039,0.8333,0.7083,0.8667,0.7083,0.8333,0.6296,0.7997
3,20,68,6,8,0.8627,0.9189,0.7143,0.9067,0.7143,0.9189,0.7407,0.8953
4,19,67,9,7,0.8431,0.8816,0.7308,0.8933,0.7308,0.8816,0.7037,0.8907
5,17,61,12,12,0.7647,0.8356,0.5862,0.8356,0.5862,0.8356,0.5862,0.7222
6,20,70,4,8,0.8824,0.9459,0.7143,0.9211,0.7143,0.9459,0.7692,0.8451
7,17,69,9,7,0.8431,0.8846,0.7083,0.8961,0.7083,0.8846,0.68,0.9322
8,17,66,10,9,0.8137,0.8684,0.6538,0.8742,0.6538,0.8684,0.6415,0.7768
9,15,67,12,8,0.8039,0.8481,0.6522,0.8701,0.6522,0.8481,0.6,0.7771
10,20,64,8,10,0.8235,0.8889,0.6667,0.8767,0.6667,0.8889,0.6897,0.8421
11,21,66,7,8,0.8529,0.9041,0.7241,0.898,0.7241,0.9041,0.7368,0.8153
12,18,66,10,8,0.8235,0.8684,0.6923,0.88,0.6923,0.8684,0.6667,0.831
13,18,68,9,7,0.8431,0.8831,0.72,0.8947,0.72,0.8831,0.6923,0.8306
14,20,58,15,9,0.7647,0.7945,0.6897,0.8286,0.6897,0.7945,0.625,0.8035
15,17,70,12,3,0.8529,0.8537,0.85,0.9032,0.85,0.8537,0.6939,0.9122
16,20,59,8,15,0.7745,0.8806,0.5714,0.8369,0.5714,0.8806,0.6349,0.8324
17,17,61,9,15,0.7647,0.8714,0.5312,0.8356,0.5312,0.8714,0.5862,0.779
18,12,75,6,9,0.8529,0.9259,0.5714,0.9091,0.5714,0.9259,0.6154,0.8042
19,24,59,10,9,0.8137,0.8551,0.7273,0.8613,0.7273,0.8551,0.7164,0.8955
20,23,63,8,8,0.8431,0.8873,0.7419,0.8873,0.7419,0.8873,0.7419,0.8551
21,18,66,9,9,0.8235,0.88,0.6667,0.88,0.6667,0.88,0.6667,0.8879
22,25,61,11,5,0.8431,0.8472,0.8333,0.8841,0.8333,0.8472,0.7576,0.8931
23,22,62,11,7,0.8235,0.8493,0.7586,0.8732,0.7586,0.8493,0.7097,0.8923
24,23,61,13,5,0.8235,0.8243,0.8214,0.8714,0.8214,0.8243,0.7187,0.889
25,17,65,10,10,0.8039,0.8667,0.6296,0.8667,0.6296,0.8667,0.6296,0.883
26,25,63,10,4,0.8627,0.863,0.8621,0.9,0.8621,0.863,0.7813,0.9518
27,18,61,10,13,0.7745,0.8592,0.5806,0.8414,0.5806,0.8592,0.6102,0.8083
28,18,59,11,14,0.7549,0.8429,0.5625,0.8252,0.5625,0.8429,0.5902,0.7348
29,29,57,8,8,0.8431,0.8769,0.7838,0.8769,0.7838,0.8769,0.7838,0.8973
30,17,70,6,9,0.8529,0.9211,0.6538,0.9032,0.6538,0.9211,0.6939,0.8163
31,18,69,10,5,0.8529,0.8734,0.7826,0.902,0.7826,0.8734,0.7059,0.8387
32,22,63,12,5,0.8333,0.84,0.8148,0.8811,0.8148,0.84,0.7213,0.9368
33,14,69,9,10,0.8137,0.8846,0.5833,0.879,0.5833,0.8846,0.5957,0.7698
34,17,64,12,9,0.7941,0.8421,0.6538,0.8591,0.6538,0.8421,0.6182,0.8122
35,15,67,11,9,0.8039,0.859,0.625,0.8701,0.625,0.859,0.6,0.8413
36,20,67,9,6,0.8529,0.8816,0.7692,0.8993,0.7692,0.8816,0.7273,0.9155
37,17,66,9,10,0.8137,0.88,0.6296,0.8742,0.6296,0.88,0.6415,0.8558
38,19,60,14,9,0.7745,0.8108,0.6786,0.8392,0.6786,0.8108,0.623,0.7987
39,20,71,8,3,0.8922,0.8987,0.8696,0.9281,0.8696,0.8987,0.7843,0.9059
40,14,68,12,8,0.8039,0.85,0.6364,0.8718,0.6364,0.85,0.5833,0.8545
41,25,56,13,8,0.7941,0.8116,0.7576,0.8421,0.7576,0.8116,0.7042,0.8783
42,19,66,10,7,0.8333,0.8684,0.7308,0.8859,0.7308,0.8684,0.6909,0.8365
43,25,61,7,9,0.8431,0.8971,0.7353,0.8841,0.7353,0.8971,0.7576,0.8949
44,25,67,8,2,0.902,0.8933,0.9259,0.9306,0.9259,0.8933,0.8333,0.9432
45,16,63,15,8,0.7745,0.8077,0.6667,0.8456,0.6667,0.8077,0.5818,0.8232
46,19,67,8,8,0.8431,0.8933,0.7037,0.8933,0.7037,0.8933,0.7037,0.8509
47,18,70,4,10,0.8627,0.9459,0.6429,0.9091,0.6429,0.9459,0.72,0.8388
48,20,61,15,6,0.7941,0.8026,0.7692,0.8531,0.7692,0.8026,0.6557,0.8765
49,15,68,8,11,0.8137,0.8947,0.5769,0.8774,0.5769,0.8947,0.6122,0.8583
50,16,65,10,11,0.7941,0.8667,0.5926,0.8609,0.5926,0.8667,0.6038,0.7951
51,15,65,13,9,0.7843,0.8333,0.625,0.8553,0.625,0.8333,0.5769,0.8659
52,13,62,13,14,0.7353,0.8267,0.4815,0.8212,0.4815,0.8267,0.4906,0.7723
53,17,70,7,8,0.8529,0.9091,0.68,0.9032,0.68,0.9091,0.6939,0.8021
54,17,73,7,5,0.8824,0.9125,0.7727,0.9241,0.7727,0.9125,0.7391,0.8585
55,22,65,10,5,0.8529,0.8667,0.8148,0.8966,0.8148,0.8667,0.7458,0.924
56,26,61,8,7,0.8529,0.8841,0.7879,0.8905,0.7879,0.8841,0.7761,0.8722
57,20,65,9,8,0.8333,0.8784,0.7143,0.8844,0.7143,0.8784,0.7018,0.846
58,23,62,11,6,0.8333,0.8493,0.7931,0.8794,0.7931,0.8493,0.7302,0.897
59,26,59,12,5,0.8333,0.831,0.8387,0.8741,0.8387,0.831,0.7536,0.8932
60,18,69,7,8,0.8529,0.9079,0.6923,0.902,0.6923,0.9079,0.7059,0.8502
61,24,61,8,9,0.8333,0.8841,0.7273,0.8777,0.7273,0.8841,0.7385,0.9012
62,13,74,4,11,0.8529,0.9487,0.5417,0.908,0.5417,0.9487,0.6341,0.7553
63,21,67,4,10,0.8627,0.9437,0.6774,0.9054,0.6774,0.9437,0.75,0.8623
64,11,67,19,5,0.7647,0.7791,0.6875,0.8481,0.6875,0.7791,0.4783,0.8975
65,23,70,4,5,0.9118,0.9459,0.8214,0.9396,0.8214,0.9459,0.8364,0.9044
66,17,67,13,5,0.8235,0.8375,0.7727,0.8816,0.7727,0.8375,0.6538,0.9244
67,22,57,14,9,0.7745,0.8028,0.7097,0.8321,0.7097,0.8028,0.6567,0.8905
68,20,61,11,10,0.7941,0.8472,0.6667,0.8531,0.6667,0.8472,0.6557,0.8444
69,22,64,10,6,0.8431,0.8649,0.7857,0.8889,0.7857,0.8649,0.7333,0.8644
70,16,69,13,4,0.8333,0.8415,0.8,0.8903,0.8,0.8415,0.6531,0.8549
71,12,68,12,10,0.7843,0.85,0.5455,0.8608,0.5455,0.85,0.5217,0.7926
72,18,69,6,9,0.8529,0.92,0.6667,0.902,0.6667,0.92,0.7059,0.8252
73,18,68,7,9,0.8431,0.9067,0.6667,0.8947,0.6667,0.9067,0.6923,0.8143
74,20,65,8,9,0.8333,0.8904,0.6897,0.8844,0.6897,0.8904,0.7018,0.8573
75,18,65,11,8,0.8137,0.8553,0.6923,0.8725,0.6923,0.8553,0.6545,0.8421
76,14,67,13,8,0.7941,0.8375,0.6364,0.8645,0.6364,0.8375,0.5714,0.8386
77,23,62,8,9,0.8333,0.8857,0.7188,0.8794,0.7188,0.8857,0.7302,0.7737
78,13,64,19,6,0.7549,0.7711,0.6842,0.8366,0.6842,0.7711,0.5098,0.8009
79,17,73,6,6,0.8824,0.9241,0.7391,0.9241,0.7391,0.9241,0.7391,0.8976
80,21,66,8,7,0.8529,0.8919,0.75,0.898,0.75,0.8919,0.7368,0.8851
81,19,62,12,9,0.7941,0.8378,0.6786,0.8552,0.6786,0.8378,0.6441,0.8031
82,15,66,11,10,0.7941,0.8571,0.6,0.8627,0.6,0.8571,0.5882,0.8078
83,19,66,12,5,0.8333,0.8462,0.7917,0.8859,0.7917,0.8462,0.6909,0.8969
84,22,60,8,12,0.8039,0.8824,0.6471,0.8571,0.6471,0.8824,0.6875,0.8534
85,20,61,12,9,0.7941,0.8356,0.6897,0.8531,0.6897,0.8356,0.6557,0.889
86,20,71,6,5,0.8922,0.9221,0.8,0.9281,0.8,0.9221,0.7843,0.9086
87,16,65,12,9,0.7941,0.8442,0.64,0.8609,0.64,0.8442,0.6038,0.8384
88,20,66,11,5,0.8431,0.8571,0.8,0.8919,0.8,0.8571,0.7143,0.8556
89,19,63,12,8,0.8039,0.84,0.7037,0.863,0.7037,0.84,0.6552,0.8805
90,18,61,13,10,0.7745,0.8243,0.6429,0.8414,0.6429,0.8243,0.6102,0.8185
91,25,66,5,6,0.8922,0.9296,0.8065,0.9231,0.8065,0.9296,0.8197,0.9141
92,14,65,15,8,0.7745,0.8125,0.6364,0.8497,0.6364,0.8125,0.549,0.7835
93,14,74,8,6,0.8627,0.9024,0.7,0.9136,0.7,0.9024,0.6667,0.8671
94,19,65,12,6,0.8235,0.8442,0.76,0.8784,0.76,0.8442,0.6786,0.8623
95,20,65,8,9,0.8333,0.8904,0.6897,0.8844,0.6897,0.8904,0.7018,0.8446
96,19,62,12,9,0.7941,0.8378,0.6786,0.8552,0.6786,0.8378,0.6441,0.7775
97,15,70,8,9,0.8333,0.8974,0.625,0.8917,0.625,0.8974,0.6383,0.7847
98,16,60,13,13,0.7451,0.8219,0.5517,0.8219,0.5517,0.8219,0.5517,0.7803
99,13,66,10,13,0.7745,0.8684,0.5,0.8516,0.5,0.8684,0.5306,0.8102
100,24,57,8,13,0.7941,0.8769,0.6486,0.8444,0.6486,0.8769,0.6957,0.869
101,24,63,6,9,0.8529,0.913,0.7273,0.8936,0.7273,0.913,0.7619,0.9144
102,16,61,13,12,0.7549,0.8243,0.5714,0.8299,0.5714,0.8243,0.5614,0.7862
103,20,61,10,11,0.7941,0.8592,0.6452,0.8531,0.6452,0.8592,0.6557,0.761
104,20,69,7,6,0.8725,0.9079,0.7692,0.9139,0.7692,0.9079,0.7547,0.9033
105,19,62,16,5,0.7941,0.7949,0.7917,0.8552,0.7917,0.7949,0.6441,0.9327
106,18,61,15,8,0.7745,0.8026,0.6923,0.8414,0.6923,0.8026,0.6102,0.8345
107,18,70,10,4,0.8627,0.875,0.8182,0.9091,0.8182,0.875,0.72,0.9517
108,17,67,12,6,0.8235,0.8481,0.7391,0.8816,0.7391,0.8481,0.6538,0.8487
109,26,61,10,5,0.8529,0.8592,0.8387,0.8905,0.8387,0.8592,0.7761,0.9337
110,19,66,8,9,0.8333,0.8919,0.6786,0.8859,0.6786,0.8919,0.6909,0.8639
111,17,66,6,13,0.8137,0.9167,0.5667,0.8742,0.5667,0.9167,0.6415,0.7593
112,21,62,7,12,0.8137,0.8986,0.6364,0.8671,0.6364,0.8986,0.6885,0.8015
113,21,64,13,4,0.8333,0.8312,0.84,0.8828,0.84,0.8312,0.7119,0.9179
114,15,63,15,9,0.7647,0.8077,0.625,0.84,0.625,0.8077,0.5556,0.7917
115,29,58,11,4,0.8529,0.8406,0.8788,0.8855,0.8788,0.8406,0.7945,0.9368
116,10,80,7,5,0.8824,0.9195,0.6667,0.9302,0.6667,0.9195,0.625,0.9195
117,22,65,10,5,0.8529,0.8667,0.8148,0.8966,0.8148,0.8667,0.7458,0.9042
118,15,70,10,7,0.8333,0.875,0.6818,0.8917,0.6818,0.875,0.6383,0.8898
119,24,68,6,4,0.902,0.9189,0.8571,0.9315,0.8571,0.9189,0.8276,0.9324
120,21,69,4,8,0.8824,0.9452,0.7241,0.92,0.7241,0.9452,0.7778,0.8729
121,16,70,12,4,0.8431,0.8537,0.8,0.8974,0.8,0.8537,0.6667,0.8915
122,16,73,9,4,0.8725,0.8902,0.8,0.9182,0.8,0.8902,0.7111,0.8707
123,21,61,10,10,0.8039,0.8592,0.6774,0.8592,0.6774,0.8592,0.6774,0.7974
124,22,58,9,13,0.7843,0.8657,0.6286,0.8406,0.6286,0.8657,0.6667,0.8891
125,19,54,16,13,0.7157,0.7714,0.5938,0.7883,0.5938,0.7714,0.5672,0.8187
126,26,60,7,9,0.8431,0.8955,0.7429,0.8824,0.7429,0.8955,0.7647,0.8601
127,21,57,11,13,0.7647,0.8382,0.6176,0.8261,0.6176,0.8382,0.6364,0.7976
128,14,72,6,10,0.8431,0.9231,0.5833,0.9,0.5833,0.9231,0.6364,0.8157
129,19,67,6,10,0.8431,0.9178,0.6552,0.8933,0.6552,0.9178,0.7037,0.8333
130,17,70,6,9,0.8529,0.9211,0.6538,0.9032,0.6538,0.9211,0.6939,0.8365
131,20,70,9,3,0.8824,0.8861,0.8696,0.9211,0.8696,0.8861,0.7692,0.9136
132,21,62,11,8,0.8137,0.8493,0.7241,0.8671,0.7241,0.8493,0.6885,0.8772
133,18,66,7,11,0.8235,0.9041,0.6207,0.88,0.6207,0.9041,0.6667,0.8517
134,25,55,10,12,0.7843,0.8462,0.6757,0.8333,0.6757,0.8462,0.6944,0.8574
135,22,61,16,3,0.8137,0.7922,0.88,0.8652,0.88,0.7922,0.6984,0.9273
136,18,62,14,8,0.7843,0.8158,0.6923,0.8493,0.6923,0.8158,0.6207,0.8163
137,17,70,10,5,0.8529,0.875,0.7727,0.9032,0.7727,0.875,0.6939,0.8591
138,17,65,13,7,0.8039,0.8333,0.7083,0.8667,0.7083,0.8333,0.6296,0.8504
139,17,71,8,6,0.8627,0.8987,0.7391,0.9103,0.7391,0.8987,0.7083,0.8696
140,27,65,5,5,0.902,0.9286,0.8438,0.9286,0.8438,0.9286,0.8438,0.9
141,26,55,9,12,0.7941,0.8594,0.6842,0.8397,0.6842,0.8594,0.7123,0.8976
142,15,72,11,4,0.8529,0.8675,0.7895,0.9057,0.7895,0.8675,0.6667,0.8637
143,18,72,8,4,0.8824,0.9,0.8182,0.9231,0.8182,0.9,0.75,0.9273
144,16,69,10,7,0.8333,0.8734,0.6957,0.8903,0.6957,0.8734,0.6531,0.8332
145,17,74,8,3,0.8922,0.9024,0.85,0.9308,0.85,0.9024,0.7556,0.9128
146,19,63,9,11,0.8039,0.875,0.6333,0.863,0.6333,0.875,0.6552,0.8032
147,13,57,20,12,0.6863,0.7403,0.52,0.7808,0.52,0.7403,0.4483,0.7304
148,19,59,18,6,0.7647,0.7662,0.76,0.831,0.76,0.7662,0.6129,0.8182
149,19,70,5,8,0.8725,0.9333,0.7037,0.915,0.7037,0.9333,0.7451,0.88
150,17,67,12,6,0.8235,0.8481,0.7391,0.8816,0.7391,0.8481,0.6538,0.8503
151,18,67,9,8,0.8333,0.8816,0.6923,0.8874,0.6923,0.8816,0.6792,0.8295
152,12,72,11,7,0.8235,0.8675,0.6316,0.8889,0.6316,0.8675,0.5714,0.9017
153,18,66,9,9,0.8235,0.88,0.6667,0.88,0.6667,0.88,0.6667,0.8054
154,22,64,7,9,0.8431,0.9014,0.7097,0.8889,0.7097,0.9014,0.7333,0.8828
155,14,69,10,9,0.8137,0.8734,0.6087,0.879,0.6087,0.8734,0.5957,0.7788
156,21,62,15,4,0.8137,0.8052,0.84,0.8671,0.84,0.8052,0.6885,0.92
157,27,63,7,5,0.8824,0.9,0.8438,0.913,0.8438,0.9,0.8182,0.9446
158,13,74,5,10,0.8529,0.9367,0.5652,0.908,0.5652,0.9367,0.6341,0.8024
159,24,63,8,7,0.8529,0.8873,0.7742,0.8936,0.7742,0.8873,0.7619,0.9523
160,18,60,10,14,0.7647,0.8571,0.5625,0.8333,0.5625,0.8571,0.6,0.8232
161,15,67,13,7,0.8039,0.8375,0.6818,0.8701,0.6818,0.8375,0.6,0.7705
162,21,60,16,5,0.7941,0.7895,0.8077,0.8511,0.8077,0.7895,0.6667,0.876
163,16,74,9,3,0.8824,0.8916,0.8421,0.925,0.8421,0.8916,0.7273,0.9467
164,17,68,5,12,0.8333,0.9315,0.5862,0.8889,0.5862,0.9315,0.6667,0.8474
165,16,60,15,11,0.7451,0.8,0.5926,0.8219,0.5926,0.8,0.5517,0.7407
166,16,74,5,7,0.8824,0.9367,0.6957,0.925,0.6957,0.9367,0.7273,0.8773
167,19,60,9,14,0.7745,0.8696,0.5758,0.8392,0.5758,0.8696,0.623,0.8076
168,18,66,11,7,0.8235,0.8571,0.72,0.88,0.72,0.8571,0.6667,0.8634
169,17,67,13,5,0.8235,0.8375,0.7727,0.8816,0.7727,0.8375,0.6538,0.8807
170,19,73,3,7,0.902,0.9605,0.7308,0.9359,0.7308,0.9605,0.7917,0.9565
171,23,65,9,5,0.8627,0.8784,0.8214,0.9028,0.8214,0.8784,0.7667,0.9262
172,17,71,9,5,0.8627,0.8875,0.7727,0.9103,0.7727,0.8875,0.7083,0.9011
173,16,67,4,15,0.8137,0.9437,0.5161,0.8758,0.5161,0.9437,0.6275,0.806
174,24,60,10,8,0.8235,0.8571,0.75,0.8696,0.75,0.8571,0.7273,0.8281
175,19,70,4,9,0.8725,0.9459,0.6786,0.915,0.6786,0.9459,0.7451,0.8707
176,17,68,14,3,0.8333,0.8293,0.85,0.8889,0.85,0.8293,0.6667,0.9213
177,17,60,14,11,0.7549,0.8108,0.6071,0.8276,0.6071,0.8108,0.5763,0.8123
178,18,64,15,5,0.8039,0.8101,0.7826,0.8649,0.7826,0.8101,0.6429,0.8382
179,27,58,8,9,0.8333,0.8788,0.75,0.8722,0.75,0.8788,0.7606,0.8986
180,22,62,11,7,0.8235,0.8493,0.7586,0.8732,0.7586,0.8493,0.7097,0.888
181,19,67,9,7,0.8431,0.8816,0.7308,0.8933,0.7308,0.8816,0.7037,0.918
182,18,61,11,12,0.7745,0.8472,0.6,0.8414,0.6,0.8472,0.6102,0.8245
183,24,61,11,6,0.8333,0.8472,0.8,0.8777,0.8,0.8472,0.7385,0.8764
184,25,57,14,6,0.8039,0.8028,0.8065,0.8507,0.8065,0.8028,0.7143,0.8487
185,22,67,8,5,0.8725,0.8933,0.8148,0.9116,0.8148,0.8933,0.7719,0.8869
186,29,51,10,12,0.7843,0.8361,0.7073,0.8226,0.7073,0.8361,0.725,0.8217
187,25,55,10,12,0.7843,0.8462,0.6757,0.8333,0.6757,0.8462,0.6944,0.7863
188,21,58,13,10,0.7745,0.8169,0.6774,0.8345,0.6774,0.8169,0.6462,0.8778
189,12,70,10,10,0.8039,0.875,0.5455,0.875,0.5455,0.875,0.5455,0.8511
190,12,71,12,7,0.8137,0.8554,0.6316,0.882,0.6316,0.8554,0.5581,0.8637
191,20,64,11,7,0.8235,0.8533,0.7407,0.8767,0.7407,0.8533,0.6897,0.9091
192,23,58,9,12,0.7941,0.8657,0.6571,0.8467,0.6571,0.8657,0.6866,0.8631
193,21,62,10,9,0.8137,0.8611,0.7,0.8671,0.7,0.8611,0.6885,0.8606
194,18,66,9,9,0.8235,0.88,0.6667,0.88,0.6667,0.88,0.6667,0.842
195,17,71,6,8,0.8627,0.9221,0.68,0.9103,0.68,0.9221,0.7083,0.8442
196,18,65,11,8,0.8137,0.8553,0.6923,0.8725,0.6923,0.8553,0.6545,0.8295
197,17,69,11,5,0.8431,0.8625,0.7727,0.8961,0.7727,0.8625,0.68,0.8852
198,25,64,5,8,0.8725,0.9275,0.7576,0.9078,0.7576,0.9275,0.7937,0.928
199,24,65,7,6,0.8725,0.9028,0.8,0.9091,0.8,0.9028,0.7869,0.9269
200,23,59,14,6,0.8039,0.8082,0.7931,0.8551,0.7931,0.8082,0.697,0.9084
201,26,60,9,7,0.8431,0.8696,0.7879,0.8824,0.7879,0.8696,0.7647,0.8779
202,24,58,10,10,0.8039,0.8529,0.7059,0.8529,0.7059,0.8529,0.7059,0.8698
203,23,59,12,8,0.8039,0.831,0.7419,0.8551,0.7419,0.831,0.697,0.8787
204,25,63,8,6,0.8627,0.8873,0.8065,0.9,0.8065,0.8873,0.7812,0.8728
205,21,58,16,7,0.7745,0.7838,0.75,0.8345,0.75,0.7838,0.6462,0.832
206,20,64,7,11,0.8235,0.9014,0.6452,0.8767,0.6452,0.9014,0.6897,0.8137
207,15,70,11,6,0.8333,0.8642,0.7143,0.8917,0.7143,0.8642,0.6383,0.8842
208,23,69,5,5,0.902,0.9324,0.8214,0.9324,0.8214,0.9324,0.8214,0.9344
209,16,69,9,8,0.8333,0.8846,0.6667,0.8903,0.6667,0.8846,0.6531,0.8691
210,21,63,13,5,0.8235,0.8289,0.8077,0.875,0.8077,0.8289,0.7,0.9291
211,20,64,8,10,0.8235,0.8889,0.6667,0.8767,0.6667,0.8889,0.6897,0.819
212,24,56,13,9,0.7843,0.8116,0.7273,0.8358,0.7273,0.8116,0.6857,0.8665
213,22,63,11,6,0.8333,0.8514,0.7857,0.8811,0.7857,0.8514,0.7213,0.9151
214,16,62,14,10,0.7647,0.8158,0.6154,0.8378,0.6154,0.8158,0.5714,0.8219
215,16,68,11,7,0.8235,0.8608,0.6957,0.8831,0.6957,0.8608,0.64,0.869
216,22,60,11,9,0.8039,0.8451,0.7097,0.8571,0.7097,0.8451,0.6875,0.8592
217,15,70,12,5,0.8333,0.8537,0.75,0.8917,0.75,0.8537,0.6383,0.8799
218,18,63,14,7,0.7941,0.8182,0.72,0.8571,0.72,0.8182,0.6316,0.8878
219,18,67,11,6,0.8333,0.859,0.75,0.8874,0.75,0.859,0.6792,0.86
220,13,70,11,8,0.8137,0.8642,0.619,0.8805,0.619,0.8642,0.5778,0.8618
221,20,76,4,2,0.9412,0.95,0.9091,0.962,0.9091,0.95,0.8696,0.9358
222,28,59,6,9,0.8529,0.9077,0.7568,0.8872,0.7568,0.9077,0.7887,0.884
223,16,71,7,8,0.8529,0.9103,0.6667,0.9045,0.6667,0.9103,0.6809,0.9167
224,14,65,14,9,0.7745,0.8228,0.6087,0.8497,0.6087,0.8228,0.549,0.8118
225,14,66,12,10,0.7843,0.8462,0.5833,0.8571,0.5833,0.8462,0.56,0.8205
226,19,66,6,11,0.8333,0.9167,0.6333,0.8859,0.6333,0.9167,0.6909,0.8389
227,16,63,15,8,0.7745,0.8077,0.6667,0.8456,0.6667,0.8077,0.5818,0.7949
228,16,74,5,7,0.8824,0.9367,0.6957,0.925,0.6957,0.9367,0.7273,0.7964
229,19,68,6,9,0.8529,0.9189,0.6786,0.9007,0.6786,0.9189,0.717,0.9069
230,16,68,10,8,0.8235,0.8718,0.6667,0.8831,0.6667,0.8718,0.64,0.8841
231,25,57,8,12,0.8039,0.8769,0.6757,0.8507,0.6757,0.8769,0.7143,0.7992
232,15,65,14,8,0.7843,0.8228,0.6522,0.8553,0.6522,0.8228,0.5769,0.8778
233,14,64,14,10,0.7647,0.8205,0.5833,0.8421,0.5833,0.8205,0.5385,0.7938
234,24,64,9,5,0.8627,0.8767,0.8276,0.9014,0.8276,0.8767,0.7742,0.9069
235,21,63,10,8,0.8235,0.863,0.7241,0.875,0.7241,0.863,0.7,0.8252
236,21,66,11,4,0.8529,0.8571,0.84,0.898,0.84,0.8571,0.7368,0.9439
237,17,72,10,3,0.8725,0.878,0.85,0.9172,0.85,0.878,0.7234,0.911
238,18,62,11,11,0.7843,0.8493,0.6207,0.8493,0.6207,0.8493,0.6207,0.8578
239,17,63,11,11,0.7843,0.8514,0.6071,0.8514,0.6071,0.8514,0.6071,0.8002
240,18,66,6,12,0.8235,0.9167,0.6,0.88,0.6,0.9167,0.6667,0.8648
241,11,77,9,5,0.8627,0.8953,0.6875,0.9167,0.6875,0.8953,0.6111,0.7892
242,20,67,8,7,0.8529,0.8933,0.7407,0.8993,0.7407,0.8933,0.7273,0.9486
243,15,68,10,9,0.8137,0.8718,0.625,0.8774,0.625,0.8718,0.6122,0.7853
244,18,68,8,8,0.8431,0.8947,0.6923,0.8947,0.6923,0.8947,0.6923,0.8644
245,18,68,10,6,0.8431,0.8718,0.75,0.8947,0.75,0.8718,0.6923,0.9054
246,21,66,7,8,0.8529,0.9041,0.7241,0.898,0.7241,0.9041,0.7368,0.9041
247,16,71,7,8,0.8529,0.9103,0.6667,0.9045,0.6667,0.9103,0.6809,0.8189
248,16,68,10,8,0.8235,0.8718,0.6667,0.8831,0.6667,0.8718,0.64,0.7863
249,22,59,12,9,0.7941,0.831,0.7097,0.8489,0.7097,0.831,0.6769,0.8392
250,19,64,11,8,0.8137,0.8533,0.7037,0.8707,0.7037,0.8533,0.6667,0.8133
251,18,66,10,8,0.8235,0.8684,0.6923,0.88,0.6923,0.8684,0.6667,0.8117
252,17,67,8,10,0.8235,0.8933,0.6296,0.8816,0.6296,0.8933,0.6538,0.7807
253,20,68,9,5,0.8627,0.8831,0.8,0.9067,0.8,0.8831,0.7407,0.8821
254,24,66,5,7,0.8824,0.9296,0.7742,0.9167,0.7742,0.9296,0.8,0.9273
255,21,62,10,9,0.8137,0.8611,0.7,0.8671,0.7,0.8611,0.6885,0.8634
256,18,63,13,8,0.7941,0.8289,0.6923,0.8571,0.6923,0.8289,0.6316,0.8209
257,21,63,13,5,0.8235,0.8289,0.8077,0.875,0.8077,0.8289,0.7,0.8674
258,23,58,14,7,0.7941,0.8056,0.7667,0.8467,0.7667,0.8056,0.6866,0.8644
259,13,72,7,10,0.8333,0.9114,0.5652,0.8944,0.5652,0.9114,0.6047,0.8652
260,9,74,8,11,0.8137,0.9024,0.45,0.8862,0.45,0.9024,0.4865,0.7841
261,18,69,7,8,0.8529,0.9079,0.6923,0.902,0.6923,0.9079,0.7059,0.831
262,20,67,8,7,0.8529,0.8933,0.7407,0.8993,0.7407,0.8933,0.7273,0.8647
263,20,64,8,10,0.8235,0.8889,0.6667,0.8767,0.6667,0.8889,0.6897,0.8412
264,19,66,11,6,0.8333,0.8571,0.76,0.8859,0.76,0.8571,0.6909,0.8566
265,21,61,16,4,0.8039,0.7922,0.84,0.8592,0.84,0.7922,0.6774,0.8623
266,16,68,11,7,0.8235,0.8608,0.6957,0.8831,0.6957,0.8608,0.64,0.9185
267,18,70,7,7,0.8627,0.9091,0.72,0.9091,0.72,0.9091,0.72,0.934
268,26,59,6,11,0.8333,0.9077,0.7027,0.8741,0.7027,0.9077,0.7536,0.9035
269,16,62,15,9,0.7647,0.8052,0.64,0.8378,0.64,0.8052,0.5714,0.7569
270,14,64,15,9,0.7647,0.8101,0.6087,0.8421,0.6087,0.8101,0.5385,0.7766
271,19,73,3,7,0.902,0.9605,0.7308,0.9359,0.7308,0.9605,0.7917,0.9044
272,13,64,11,14,0.7549,0.8533,0.4815,0.8366,0.4815,0.8533,0.5098,0.7017
273,17,69,12,4,0.8431,0.8519,0.8095,0.8961,0.8095,0.8519,0.68,0.8812
274,21,68,7,6,0.8725,0.9067,0.7778,0.9128,0.7778,0.9067,0.7636,0.9531
275,19,63,14,6,0.8039,0.8182,0.76,0.863,0.76,0.8182,0.6552,0.8613
276,23,65,7,7,0.8627,0.9028,0.7667,0.9028,0.7667,0.9028,0.7667,0.8792
277,20,64,6,12,0.8235,0.9143,0.625,0.8767,0.625,0.9143,0.6897,0.85
278,20,62,12,8,0.8039,0.8378,0.7143,0.8611,0.7143,0.8378,0.6667,0.833
279,7,75,13,7,0.8039,0.8523,0.5,0.8824,0.5,0.8523,0.4118,0.8636
280,21,71,7,3,0.902,0.9103,0.875,0.9342,0.875,0.9103,0.8077,0.9605
281,14,70,10,8,0.8235,0.875,0.6364,0.8861,0.6364,0.875,0.6087,0.7795
282,20,69,4,9,0.8725,0.9452,0.6897,0.9139,0.6897,0.9452,0.7547,0.8725
283,17,63,9,13,0.7843,0.875,0.5667,0.8514,0.5667,0.875,0.6071,0.7921
284,15,70,8,9,0.8333,0.8974,0.625,0.8917,0.625,0.8974,0.6383,0.7756
285,18,64,14,6,0.8039,0.8205,0.75,0.8649,0.75,0.8205,0.6429,0.9375
286,18,64,9,11,0.8039,0.8767,0.6207,0.8649,0.6207,0.8767,0.6429,0.864
287,15,67,12,8,0.8039,0.8481,0.6522,0.8701,0.6522,0.8481,0.6,0.852
288,14,70,11,7,0.8235,0.8642,0.6667,0.8861,0.6667,0.8642,0.6087,0.7954
289,21,67,12,2,0.8627,0.8481,0.913,0.9054,0.913,0.8481,0.75,0.9334
290,19,67,9,7,0.8431,0.8816,0.7308,0.8933,0.7308,0.8816,0.7037,0.9008
291,14,73,8,7,0.8529,0.9012,0.6667,0.9068,0.6667,0.9012,0.6512,0.8477
292,22,65,11,4,0.8529,0.8553,0.8462,0.8966,0.8462,0.8553,0.7458,0.8932
293,15,66,10,11,0.7941,0.8684,0.5769,0.8627,0.5769,0.8684,0.5882,0.8173
294,15,72,9,6,0.8529,0.8889,0.7143,0.9057,0.7143,0.8889,0.6667,0.8254
295,19,63,12,8,0.8039,0.84,0.7037,0.863,0.7037,0.84,0.6552,0.8879
296,20,67,10,5,0.8529,0.8701,0.8,0.8993,0.8,0.8701,0.7273,0.9299
297,15,63,9,15,0.7647,0.875,0.5,0.84,0.5,0.875,0.5556,0.7644
298,23,67,8,4,0.8824,0.8933,0.8519,0.9178,0.8519,0.8933,0.7931,0.9516
299,24,59,8,11,0.8137,0.8806,0.6857,0.8613,0.6857,0.8806,0.7164,0.8094
300,20,63,8,11,0.8137,0.8873,0.6452,0.869,0.6452,0.8873,0.678,0.791
301,24,66,7,5,0.8824,0.9041,0.8276,0.9167,0.8276,0.9041,0.8,0.9381
302,18,60,14,10,0.7647,0.8108,0.6429,0.8333,0.6429,0.8108,0.6,0.777
303,16,64,13,9,0.7843,0.8312,0.64,0.8533,0.64,0.8312,0.5926,0.9117
304,14,66,13,9,0.7843,0.8354,0.6087,0.8571,0.6087,0.8354,0.56,0.8426
305,15,67,14,6,0.8039,0.8272,0.7143,0.8701,0.7143,0.8272,0.6,0.8213
306,23,59,8,12,0.8039,0.8806,0.6571,0.8551,0.6571,0.8806,0.697,0.7898
307,27,59,10,6,0.8431,0.8551,0.8182,0.8806,0.8182,0.8551,0.7714,0.9337
308,24,62,10,6,0.8431,0.8611,0.8,0.8857,0.8,0.8611,0.75,0.925
309,17,65,14,6,0.8039,0.8228,0.7391,0.8667,0.7391,0.8228,0.6296,0.8932
310,25,53,13,11,0.7647,0.803,0.6944,0.8154,0.6944,0.803,0.6757,0.8859
311,17,58,12,15,0.7353,0.8286,0.5312,0.8112,0.5312,0.8286,0.5574,0.7192
312,17,67,8,10,0.8235,0.8933,0.6296,0.8816,0.6296,0.8933,0.6538,0.8568
313,24,60,12,6,0.8235,0.8333,0.8,0.8696,0.8,0.8333,0.7273,0.8907
314,21,69,6,6,0.8824,0.92,0.7778,0.92,0.7778,0.92,0.7778,0.9062
315,21,61,11,9,0.8039,0.8472,0.7,0.8592,0.7,0.8472,0.6774,0.8394
316,22,61,9,10,0.8137,0.8714,0.6875,0.8652,0.6875,0.8714,0.6984,0.8013
317,19,68,8,7,0.8529,0.8947,0.7308,0.9007,0.7308,0.8947,0.717,0.835
318,22,62,12,6,0.8235,0.8378,0.7857,0.8732,0.7857,0.8378,0.7097,0.8682
319,21,63,11,7,0.8235,0.8514,0.75,0.875,0.75,0.8514,0.7,0.8161
320,21,71,5,5,0.902,0.9342,0.8077,0.9342,0.8077,0.9342,0.8077,0.9327
321,18,61,14,9,0.7745,0.8133,0.6667,0.8414,0.6667,0.8133,0.6102,0.8667
322,15,71,6,10,0.8431,0.9221,0.6,0.8987,0.6,0.9221,0.6522,0.8888
323,16,63,9,14,0.7745,0.875,0.5333,0.8456,0.5333,0.875,0.5818,0.7259
324,17,69,8,8,0.8431,0.8961,0.68,0.8961,0.68,0.8961,0.68,0.8779
325,16,69,8,9,0.8333,0.8961,0.64,0.8903,0.64,0.8961,0.6531,0.8649
326,23,55,14,10,0.7647,0.7971,0.697,0.8209,0.697,0.7971,0.6571,0.8063
327,24,59,11,8,0.8137,0.8429,0.75,0.8613,0.75,0.8429,0.7164,0.8799
328,20,65,13,4,0.8333,0.8333,0.8333,0.8844,0.8333,0.8333,0.7018,0.8713
329,22,62,7,11,0.8235,0.8986,0.6667,0.8732,0.6667,0.8986,0.7097,0.7813
330,25,61,8,8,0.8431,0.8841,0.7576,0.8841,0.7576,0.8841,0.7576,0.9065
331,16,62,17,7,0.7647,0.7848,0.6957,0.8378,0.6957,0.7848,0.5714,0.8101
332,19,62,16,5,0.7941,0.7949,0.7917,0.8552,0.7917,0.7949,0.6441,0.9001
333,17,75,4,6,0.902,0.9494,0.7391,0.9375,0.7391,0.9494,0.7727,0.913
334,20,66,12,4,0.8431,0.8462,0.8333,0.8919,0.8333,0.8462,0.7143,0.9225
335,22,63,5,12,0.8333,0.9265,0.6471,0.8811,0.6471,0.9265,0.7213,0.8862
336,25,58,12,7,0.8137,0.8286,0.7812,0.8593,0.7812,0.8286,0.7246,0.9107
337,26,60,12,4,0.8431,0.8333,0.8667,0.8824,0.8667,0.8333,0.7647,0.8898
338,20,62,9,11,0.8039,0.8732,0.6452,0.8611,0.6452,0.8732,0.6667,0.8542
339,25,51,16,10,0.7451,0.7612,0.7143,0.7969,0.7143,0.7612,0.6579,0.8064
340,21,62,6,13,0.8137,0.9118,0.6176,0.8671,0.6176,0.9118,0.6885,0.8534
341,21,60,11,10,0.7941,0.8451,0.6774,0.8511,0.6774,0.8451,0.6667,0.8333
342,25,61,9,7,0.8431,0.8714,0.7812,0.8841,0.7812,0.8714,0.7576,0.8924
343,31,54,9,8,0.8333,0.8571,0.7949,0.864,0.7949,0.8571,0.7848,0.9048
344,16,65,13,8,0.7941,0.8333,0.6667,0.8609,0.6667,0.8333,0.6038,0.8568
345,18,60,15,9,0.7647,0.8,0.6667,0.8333,0.6667,0.8,0.6,0.8025
346,23,66,5,8,0.8725,0.9296,0.7419,0.9103,0.7419,0.9296,0.7797,0.8732
347,14,70,9,9,0.8235,0.8861,0.6087,0.8861,0.6087,0.8861,0.6087,0.8932
348,20,65,11,6,0.8333,0.8553,0.7692,0.8844,0.7692,0.8553,0.7018,0.8836
349,21,62,10,9,0.8137,0.8611,0.7,0.8671,0.7,0.8611,0.6885,0.8481
350,11,72,9,10,0.8137,0.8889,0.5238,0.8834,0.5238,0.8889,0.5366,0.7672
351,11,71,9,11,0.8039,0.8875,0.5,0.8765,0.5,0.8875,0.5238,0.7097
352,11,76,7,8,0.8529,0.9157,0.5789,0.9102,0.5789,0.9157,0.5946,0.7781
353,18,62,13,9,0.7843,0.8267,0.6667,0.8493,0.6667,0.8267,0.6207,0.8647
354,16,67,11,8,0.8137,0.859,0.6667,0.8758,0.6667,0.859,0.6275,0.7639
355,14,71,11,6,0.8333,0.8659,0.7,0.8931,0.7,0.8659,0.6222,0.8366
356,22,62,4,14,0.8235,0.9394,0.6111,0.8732,0.6111,0.9394,0.7097,0.7811
357,19,65,10,8,0.8235,0.8667,0.7037,0.8784,0.7037,0.8667,0.6786,0.839
358,16,70,8,8,0.8431,0.8974,0.6667,0.8974,0.6667,0.8974,0.6667,0.8499
359,21,59,17,5,0.7843,0.7763,0.8077,0.8429,0.8077,0.7763,0.6563,0.8639
360,16,71,10,5,0.8529,0.8765,0.7619,0.9045,0.7619,0.8765,0.6809,0.8842
361,17,70,7,8,0.8529,0.9091,0.68,0.9032,0.68,0.9091,0.6939,0.8566
362,24,63,6,9,0.8529,0.913,0.7273,0.8936,0.7273,0.913,0.7619,0.874
363,19,64,12,7,0.8137,0.8421,0.7308,0.8707,0.7308,0.8421,0.6667,0.8598
364,18,71,7,6,0.8725,0.9103,0.75,0.9161,0.75,0.9103,0.7347,0.8729
365,24,62,9,7,0.8431,0.8732,0.7742,0.8857,0.7742,0.8732,0.75,0.8632
366,12,78,9,3,0.8824,0.8966,0.8,0.9286,0.8,0.8966,0.6667,0.8805
367,15,68,11,8,0.8137,0.8608,0.6522,0.8774,0.6522,0.8608,0.6122,0.858
368,24,62,12,4,0.8431,0.8378,0.8571,0.8857,0.8571,0.8378,0.75,0.8745
369,19,65,10,8,0.8235,0.8667,0.7037,0.8784,0.7037,0.8667,0.6786,0.8242
370,21,54,11,16,0.7353,0.8308,0.5676,0.8,0.5676,0.8308,0.6087,0.7264
371,23,61,8,10,0.8235,0.8841,0.697,0.8714,0.697,0.8841,0.7188,0.8432
372,20,62,13,7,0.8039,0.8267,0.7407,0.8611,0.7407,0.8267,0.6667,0.8948
373,24,68,6,4,0.902,0.9189,0.8571,0.9315,0.8571,0.9189,0.8276,0.9107
374,16,70,12,4,0.8431,0.8537,0.8,0.8974,0.8,0.8537,0.6667,0.8268
375,17,66,13,6,0.8137,0.8354,0.7391,0.8742,0.7391,0.8354,0.6415,0.8591
376,22,60,12,8,0.8039,0.8333,0.7333,0.8571,0.7333,0.8333,0.6875,0.8704
377,20,69,4,9,0.8725,0.9452,0.6897,0.9139,0.6897,0.9452,0.7547,0.8928
378,16,75,7,4,0.8922,0.9146,0.8,0.9317,0.8,0.9146,0.7442,0.8604
379,27,55,9,11,0.8039,0.8594,0.7105,0.8462,0.7105,0.8594,0.7297,0.8277
380,22,62,13,5,0.8235,0.8267,0.8148,0.8732,0.8148,0.8267,0.7097,0.8938
381,21,71,6,4,0.902,0.9221,0.84,0.9342,0.84,0.9221,0.8077,0.9506
382,20,56,13,13,0.7451,0.8116,0.6061,0.8116,0.6061,0.8116,0.6061,0.8661
383,19,65,12,6,0.8235,0.8442,0.76,0.8784,0.76,0.8442,0.6786,0.9127
384,25,57,10,10,0.8039,0.8507,0.7143,0.8507,0.7143,0.8507,0.7143,0.8661
385,20,62,6,14,0.8039,0.9118,0.5882,0.8611,0.5882,0.9118,0.6667,0.779
386,16,63,12,11,0.7745,0.84,0.5926,0.8456,0.5926,0.84,0.5818,0.7872
387,23,65,7,7,0.8627,0.9028,0.7667,0.9028,0.7667,0.9028,0.7667,0.9208
388,14,73,9,6,0.8529,0.8902,0.7,0.9068,0.7,0.8902,0.6512,0.8488
389,23,64,9,6,0.8529,0.8767,0.7931,0.8951,0.7931,0.8767,0.7541,0.9013
390,22,58,10,12,0.7843,0.8529,0.6471,0.8406,0.6471,0.8529,0.6667,0.8689
391,21,61,14,6,0.8039,0.8133,0.7778,0.8592,0.7778,0.8133,0.6774,0.803
392,16,67,8,11,0.8137,0.8933,0.5926,0.8758,0.5926,0.8933,0.6275,0.8968
393,23,60,10,9,0.8137,0.8571,0.7188,0.8633,0.7188,0.8571,0.7077,0.9045
394,20,64,9,9,0.8235,0.8767,0.6897,0.8767,0.6897,0.8767,0.6897,0.8342
395,25,65,2,10,0.8824,0.9701,0.7143,0.9155,0.7143,0.9701,0.8065,0.8878
396,16,68,9,9,0.8235,0.8831,0.64,0.8831,0.64,0.8831,0.64,0.7642
397,24,60,10,8,0.8235,0.8571,0.75,0.8696,0.75,0.8571,0.7273,0.8777
398,20,59,12,11,0.7745,0.831,0.6452,0.8369,0.6452,0.831,0.6349,0.8423
399,21,64,7,10,0.8333,0.9014,0.6774,0.8828,0.6774,0.9014,0.7119,0.8437
400,13,67,14,8,0.7843,0.8272,0.619,0.859,0.619,0.8272,0.5417,0.7925
401,20,65,7,10,0.8333,0.9028,0.6667,0.8844,0.6667,0.9028,0.7018,0.8833
402,19,70,10,3,0.8725,0.875,0.8636,0.915,0.8636,0.875,0.7451,0.8438
403,23,59,15,5,0.8039,0.7973,0.8214,0.8551,0.8214,0.7973,0.697,0.8663
404,15,65,11,11,0.7843,0.8553,0.5769,0.8553,0.5769,0.8553,0.5769,0.8305
405,16,66,14,6,0.8039,0.825,0.7273,0.8684,0.7273,0.825,0.6154,0.8642
406,21,68,5,8,0.8725,0.9315,0.7241,0.9128,0.7241,0.9315,0.7636,0.8474
407,17,62,14,9,0.7745,0.8158,0.6538,0.8435,0.6538,0.8158,0.5965,0.8072
408,21,63,7,11,0.8235,0.9,0.6562,0.875,0.6562,0.9,0.7,0.8799
409,24,56,11,11,0.7843,0.8358,0.6857,0.8358,0.6857,0.8358,0.6857,0.8507
410,21,61,10,10,0.8039,0.8592,0.6774,0.8592,0.6774,0.8592,0.6774,0.8274
411,24,64,8,6,0.8627,0.8889,0.8,0.9014,0.8,0.8889,0.7742,0.9102
412,18,59,17,8,0.7549,0.7763,0.6923,0.8252,0.6923,0.7763,0.5902,0.7748
413,25,67,6,4,0.902,0.9178,0.8621,0.9306,0.8621,0.9178,0.8333,0.8984
414,23,67,7,5,0.8824,0.9054,0.8214,0.9178,0.8214,0.9054,0.7931,0.9015
415,13,65,13,11,0.7647,0.8333,0.5417,0.8442,0.5417,0.8333,0.52,0.7276
416,32,56,5,9,0.8627,0.918,0.7805,0.8889,0.7805,0.918,0.8205,0.9244
417,21,64,5,12,0.8333,0.9275,0.6364,0.8828,0.6364,0.9275,0.7119,0.8788
418,18,67,7,10,0.8333,0.9054,0.6429,0.8874,0.6429,0.9054,0.6792,0.8335
419,22,57,13,10,0.7745,0.8143,0.6875,0.8321,0.6875,0.8143,0.6567,0.8522
420,28,53,11,10,0.7941,0.8281,0.7368,0.8346,0.7368,0.8281,0.7273,0.8183
421,19,64,11,8,0.8137,0.8533,0.7037,0.8707,0.7037,0.8533,0.6667,0.8859
422,24,57,15,6,0.7941,0.7917,0.8,0.8444,0.8,0.7917,0.6957,0.8176
423,21,60,13,8,0.7941,0.8219,0.7241,0.8511,0.7241,0.8219,0.6667,0.8413
424,16,69,9,8,0.8333,0.8846,0.6667,0.8903,0.6667,0.8846,0.6531,0.8878
425,16,71,10,5,0.8529,0.8765,0.7619,0.9045,0.7619,0.8765,0.6809,0.9318
426,19,58,12,13,0.7549,0.8286,0.5938,0.8227,0.5938,0.8286,0.6032,0.8473
427,20,70,8,4,0.8824,0.8974,0.8333,0.9211,0.8333,0.8974,0.7692,0.9332
428,20,66,8,8,0.8431,0.8919,0.7143,0.8919,0.7143,0.8919,0.7143,0.8036
429,20,69,11,2,0.8725,0.8625,0.9091,0.9139,0.9091,0.8625,0.7547,0.9375
430,22,63,12,5,0.8333,0.84,0.8148,0.8811,0.8148,0.84,0.7213,0.8988
431,19,62,14,7,0.7941,0.8158,0.7308,0.8552,0.7308,0.8158,0.6441,0.836
432,22,61,8,11,0.8137,0.8841,0.6667,0.8652,0.6667,0.8841,0.6984,0.8467
433,26,61,7,8,0.8529,0.8971,0.7647,0.8905,0.7647,0.8971,0.7761,0.8979
434,17,68,6,11,0.8333,0.9189,0.6071,0.8889,0.6071,0.9189,0.6667,0.8456
435,14,75,11,2,0.8725,0.8721,0.875,0.9202,0.875,0.8721,0.6829,0.9346
436,23,56,12,11,0.7745,0.8235,0.6765,0.8296,0.6765,0.8235,0.6667,0.8672
437,24,58,10,10,0.8039,0.8529,0.7059,0.8529,0.7059,0.8529,0.7059,0.8763
438,25,57,15,5,0.8039,0.7917,0.8333,0.8507,0.8333,0.7917,0.7143,0.9301
439,19,66,15,2,0.8333,0.8148,0.9048,0.8859,0.9048,0.8148,0.6909,0.9588
440,15,72,10,5,0.8529,0.878,0.75,0.9057,0.75,0.878,0.6667,0.9159
441,21,63,9,9,0.8235,0.875,0.7,0.875,0.7,0.875,0.7,0.8699
442,11,66,17,8,0.7549,0.7952,0.5789,0.8408,0.5789,0.7952,0.4681,0.7711
443,24,68,3,7,0.902,0.9577,0.7742,0.9315,0.7742,0.9577,0.8276,0.9537
444,27,60,10,5,0.8529,0.8571,0.8438,0.8889,0.8438,0.8571,0.7826,0.9174
445,21,72,6,3,0.9118,0.9231,0.875,0.9412,0.875,0.9231,0.8235,0.9712
446,17,65,10,10,0.8039,0.8667,0.6296,0.8667,0.6296,0.8667,0.6296,0.7847
447,22,62,11,7,0.8235,0.8493,0.7586,0.8732,0.7586,0.8493,0.7097,0.8625
448,13,69,15,5,0.8039,0.8214,0.7222,0.8734,0.7222,0.8214,0.5652,0.8684
449,21,57,13,11,0.7647,0.8143,0.6562,0.8261,0.6562,0.8143,0.6364,0.8384
450,14,64,14,10,0.7647,0.8205,0.5833,0.8421,0.5833,0.8205,0.5385,0.7174
451,22,64,7,9,0.8431,0.9014,0.7097,0.8889,0.7097,0.9014,0.7333,0.9219
452,22,53,18,9,0.7353,0.7465,0.7097,0.797,0.7097,0.7465,0.6197,0.8383
453,18,66,9,9,0.8235,0.88,0.6667,0.88,0.6667,0.88,0.6667,0.9007
454,29,59,9,5,0.8627,0.8676,0.8529,0.8939,0.8529,0.8676,0.8056,0.8832
455,19,62,11,10,0.7941,0.8493,0.6552,0.8552,0.6552,0.8493,0.6441,0.8101
456,28,48,17,9,0.7451,0.7385,0.7568,0.7869,0.7568,0.7385,0.6829,0.8225
457,24,61,9,8,0.8333,0.8714,0.75,0.8777,0.75,0.8714,0.7385,0.9308
458,26,58,8,10,0.8235,0.8788,0.7222,0.8657,0.7222,0.8788,0.7429,0.8813
459,16,69,10,7,0.8333,0.8734,0.6957,0.8903,0.6957,0.8734,0.6531,0.7958
460,18,62,12,10,0.7843,0.8378,0.6429,0.8493,0.6429,0.8378,0.6207,0.7529
461,13,69,11,9,0.8039,0.8625,0.5909,0.8734,0.5909,0.8625,0.5652,0.8375
462,14,64,12,12,0.7647,0.8421,0.5385,0.8421,0.5385,0.8421,0.5385,0.8031
463,19,69,8,6,0.8627,0.8961,0.76,0.9079,0.76,0.8961,0.7308,0.9273
464,19,56,9,18,0.7353,0.8615,0.5135,0.8058,0.5135,0.8615,0.5846,0.785
465,16,61,12,13,0.7549,0.8356,0.5517,0.8299,0.5517,0.8356,0.5614,0.7747
466,15,63,12,12,0.7647,0.84,0.5556,0.84,0.5556,0.84,0.5556,0.8311
467,23,64,9,6,0.8529,0.8767,0.7931,0.8951,0.7931,0.8767,0.7541,0.8956
468,18,69,9,6,0.8529,0.8846,0.75,0.902,0.75,0.8846,0.7059,0.852
469,19,58,14,11,0.7549,0.8056,0.6333,0.8227,0.6333,0.8056,0.6032,0.8551
470,21,61,10,10,0.8039,0.8592,0.6774,0.8592,0.6774,0.8592,0.6774,0.8219
471,26,60,8,8,0.8431,0.8824,0.7647,0.8824,0.7647,0.8824,0.7647,0.8988
472,27,58,8,9,0.8333,0.8788,0.75,0.8722,0.75,0.8788,0.7606,0.8552
473,25,63,9,5,0.8627,0.875,0.8333,0.9,0.8333,0.875,0.7812,0.9551
474,20,61,9,12,0.7941,0.8714,0.625,0.8531,0.625,0.8714,0.6557,0.7705
475,15,75,9,3,0.8824,0.8929,0.8333,0.9259,0.8333,0.8929,0.7143,0.9054
476,16,62,13,11,0.7647,0.8267,0.5926,0.8378,0.5926,0.8267,0.5714,0.8178
477,24,62,10,6,0.8431,0.8611,0.8,0.8857,0.8,0.8611,0.75,0.9083
478,24,57,13,8,0.7941,0.8143,0.75,0.8444,0.75,0.8143,0.6957,0.8888
479,14,69,11,8,0.8137,0.8625,0.6364,0.879,0.6364,0.8625,0.5957,0.8358
480,26,57,7,12,0.8137,0.8906,0.6842,0.8571,0.6842,0.8906,0.7324,0.8951
481,10,76,10,6,0.8431,0.8837,0.625,0.9048,0.625,0.8837,0.5556,0.7834
482,18,60,17,7,0.7647,0.7792,0.72,0.8333,0.72,0.7792,0.6,0.8208
483,23,62,9,8,0.8333,0.8732,0.7419,0.8794,0.7419,0.8732,0.7302,0.876
484,20,64,15,3,0.8235,0.8101,0.8696,0.8767,0.8696,0.8101,0.6897,0.9252
485,21,62,8,11,0.8137,0.8857,0.6562,0.8671,0.6562,0.8857,0.6885,0.7996
486,15,68,10,9,0.8137,0.8718,0.625,0.8774,0.625,0.8718,0.6122,0.8381
487,23,58,15,6,0.7941,0.7945,0.7931,0.8467,0.7931,0.7945,0.6866,0.888
488,21,69,6,6,0.8824,0.92,0.7778,0.92,0.7778,0.92,0.7778,0.9032
489,19,62,10,11,0.7941,0.8611,0.6333,0.8552,0.6333,0.8611,0.6441,0.7861
490,19,65,12,6,0.8235,0.8442,0.76,0.8784,0.76,0.8442,0.6786,0.8945
491,18,63,17,4,0.7941,0.7875,0.8182,0.8571,0.8182,0.7875,0.6316,0.8716
492,23,59,9,11,0.8039,0.8676,0.6765,0.8551,0.6765,0.8676,0.697,0.8512
493,14,61,10,17,0.7353,0.8592,0.4516,0.8188,0.4516,0.8592,0.5091,0.7846
494,19,67,6,10,0.8431,0.9178,0.6552,0.8933,0.6552,0.9178,0.7037,0.8049
495,22,58,13,9,0.7843,0.8169,0.7097,0.8406,0.7097,0.8169,0.6667,0.8982
496,15,74,9,4,0.8725,0.8916,0.7895,0.9193,0.7895,0.8916,0.6977,0.8916
497,16,65,8,13,0.7941,0.8904,0.5517,0.8609,0.5517,0.8904,0.6038,0.7586
498,25,62,6,9,0.8529,0.9118,0.7353,0.8921,0.7353,0.9118,0.7692,0.8845
499,24,59,9,10,0.8137,0.8676,0.7059,0.8613,0.7059,0.8676,0.7164,0.801
500,19,65,9,9,0.8235,0.8784,0.6786,0.8784,0.6786,0.8784,0.6786,0.9233
501,17,68,10,7,0.8333,0.8718,0.7083,0.8889,0.7083,0.8718,0.6667,0.8675
502,14,61,15,12,0.7353,0.8026,0.5385,0.8188,0.5385,0.8026,0.5091,0.8315
503,15,75,6,6,0.8824,0.9259,0.7143,0.9259,0.7143,0.9259,0.7143,0.8859
504,23,58,13,8,0.7941,0.8169,0.7419,0.8467,0.7419,0.8169,0.6866,0.8896
505,11,74,9,8,0.8333,0.8916,0.5789,0.897,0.5789,0.8916,0.5641,0.8719
506,20,64,11,7,0.8235,0.8533,0.7407,0.8767,0.7407,0.8533,0.6897,0.8721
507,25,61,7,9,0.8431,0.8971,0.7353,0.8841,0.7353,0.8971,0.7576,0.9066
508,22,66,11,3,0.8627,0.8571,0.88,0.9041,0.88,0.8571,0.7586,0.9475
509,14,72,12,4,0.8431,0.8571,0.7778,0.9,0.7778,0.8571,0.6364,0.8803
510,23,64,11,4,0.8529,0.8533,0.8519,0.8951,0.8519,0.8533,0.7541,0.8736
511,23,59,10,10,0.8039,0.8551,0.697,0.8551,0.697,0.8551,0.697,0.8898
512,15,61,15,11,0.7451,0.8026,0.5769,0.8243,0.5769,0.8026,0.5357,0.7859
513,12,69,12,9,0.7941,0.8519,0.5714,0.8679,0.5714,0.8519,0.5333,0.6972
514,20,59,13,10,0.7745,0.8194,0.6667,0.8369,0.6667,0.8194,0.6349,0.8597
515,16,71,8,7,0.8529,0.8987,0.6957,0.9045,0.6957,0.8987,0.6809,0.7898
516,16,62,12,12,0.7647,0.8378,0.5714,0.8378,0.5714,0.8378,0.5714,0.8924
517,24,65,6,7,0.8725,0.9155,0.7742,0.9091,0.7742,0.9155,0.7869,0.9387
518,17,62,16,7,0.7745,0.7949,0.7083,0.8435,0.7083,0.7949,0.5965,0.8397
519,24,63,7,8,0.8529,0.9,0.75,0.8936,0.75,0.9,0.7619,0.8509
520,16,70,9,7,0.8431,0.8861,0.6957,0.8974,0.6957,0.8861,0.6667,0.8222
521,21,69,6,6,0.8824,0.92,0.7778,0.92,0.7778,0.92,0.7778,0.8795
522,23,66,11,2,0.8725,0.8571,0.92,0.9103,0.92,0.8571,0.7797,0.9501
523,20,62,12,8,0.8039,0.8378,0.7143,0.8611,0.7143,0.8378,0.6667,0.8745
524,13,75,8,6,0.8627,0.9036,0.6842,0.9146,0.6842,0.9036,0.65,0.7971
525,18,64,10,10,0.8039,0.8649,0.6429,0.8649,0.6429,0.8649,0.6429,0.8726
526,18,69,5,10,0.8529,0.9324,0.6429,0.902,0.6429,0.9324,0.7059,0.8716
527,15,68,7,12,0.8137,0.9067,0.5556,0.8774,0.5556,0.9067,0.6122,0.8128
528,21,62,10,9,0.8137,0.8611,0.7,0.8671,0.7,0.8611,0.6885,0.869
529,18,65,9,10,0.8137,0.8784,0.6429,0.8725,0.6429,0.8784,0.6545,0.8779
530,21,69,7,5,0.8824,0.9079,0.8077,0.92,0.8077,0.9079,0.7778,0.9104
531,20,62,10,10,0.8039,0.8611,0.6667,0.8611,0.6667,0.8611,0.6667,0.8125
532,19,69,9,5,0.8627,0.8846,0.7917,0.9079,0.7917,0.8846,0.7308,0.9167
533,20,63,13,6,0.8137,0.8289,0.7692,0.869,0.7692,0.8289,0.678,0.8917
534,20,65,13,4,0.8333,0.8333,0.8333,0.8844,0.8333,0.8333,0.7018,0.867
535,14,71,12,5,0.8333,0.8554,0.7368,0.8931,0.7368,0.8554,0.6222,0.8878
536,20,62,13,7,0.8039,0.8267,0.7407,0.8611,0.7407,0.8267,0.6667,0.8859
537,19,60,11,12,0.7745,0.8451,0.6129,0.8392,0.6129,0.8451,0.623,0.8078
538,28,57,11,6,0.8333,0.8382,0.8235,0.8702,0.8235,0.8382,0.7671,0.9187
539,19,65,15,3,0.8235,0.8125,0.8636,0.8784,0.8636,0.8125,0.6786,0.9233
540,22,65,6,9,0.8529,0.9155,0.7097,0.8966,0.7097,0.9155,0.7458,0.8791
541,21,63,8,10,0.8235,0.8873,0.6774,0.875,0.6774,0.8873,0.7,0.7874
542,23,66,7,6,0.8725,0.9041,0.7931,0.9103,0.7931,0.9041,0.7797,0.9036
543,22,69,8,3,0.8922,0.8961,0.88,0.9262,0.88,0.8961,0.8,0.9558
544,21,66,9,6,0.8529,0.88,0.7778,0.898,0.7778,0.88,0.7368,0.8864
545,16,69,11,6,0.8333,0.8625,0.7273,0.8903,0.7273,0.8625,0.6531,0.8659
546,16,66,9,11,0.8039,0.88,0.5926,0.8684,0.5926,0.88,0.6154,0.8193
547,14,67,13,8,0.7941,0.8375,0.6364,0.8645,0.6364,0.8375,0.5714,0.7909
548,11,73,11,7,0.8235,0.869,0.6111,0.8902,0.6111,0.869,0.55,0.7646
549,15,65,11,11,0.7843,0.8553,0.5769,0.8553,0.5769,0.8553,0.5769,0.8492
550,19,65,11,7,0.8235,0.8553,0.7308,0.8784,0.7308,0.8553,0.6786,0.8973
551,25,56,11,10,0.7941,0.8358,0.7143,0.8421,0.7143,0.8358,0.7042,0.8469
552,19,66,11,6,0.8333,0.8571,0.76,0.8859,0.76,0.8571,0.6909,0.8816
553,23,65,3,11,0.8627,0.9559,0.6765,0.9028,0.6765,0.9559,0.7667,0.9208
554,18,63,10,11,0.7941,0.863,0.6207,0.8571,0.6207,0.863,0.6316,0.753
555,14,64,10,14,0.7647,0.8649,0.5,0.8421,0.5,0.8649,0.5385,0.7326
556,25,60,10,7,0.8333,0.8571,0.7812,0.8759,0.7812,0.8571,0.7463,0.9143
557,16,62,11,13,0.7647,0.8493,0.5517,0.8378,0.5517,0.8493,0.5714,0.7123
558,25,50,19,8,0.7353,0.7246,0.7576,0.7874,0.7576,0.7246,0.6494,0.8309
559,18,57,17,10,0.7353,0.7703,0.6429,0.8085,0.6429,0.7703,0.5714,0.7413
560,18,62,13,9,0.7843,0.8267,0.6667,0.8493,0.6667,0.8267,0.6207,0.84
561,21,67,9,5,0.8627,0.8816,0.8077,0.9054,0.8077,0.8816,0.75,0.8669
562,22,62,10,8,0.8235,0.8611,0.7333,0.8732,0.7333,0.8611,0.7097,0.8384
563,25,58,11,8,0.8137,0.8406,0.7576,0.8593,0.7576,0.8406,0.7246,0.8783
564,21,66,6,9,0.8529,0.9167,0.7,0.898,0.7,0.9167,0.7368,0.8917
565,17,64,16,5,0.7941,0.8,0.7727,0.8591,0.7727,0.8,0.6182,0.8557
566,21,64,12,5,0.8333,0.8421,0.8077,0.8828,0.8077,0.8421,0.7119,0.8831
567,16,66,11,9,0.8039,0.8571,0.64,0.8684,0.64,0.8571,0.6154,0.8171
568,18,71,5,8,0.8725,0.9342,0.6923,0.9161,0.6923,0.9342,0.7347,0.8851
569,17,63,15,7,0.7843,0.8077,0.7083,0.8514,0.7083,0.8077,0.6071,0.8638
570,21,66,11,4,0.8529,0.8571,0.84,0.898,0.84,0.8571,0.7368,0.9335
571,25,60,12,5,0.8333,0.8333,0.8333,0.8759,0.8333,0.8333,0.7463,0.9106
572,21,63,9,9,0.8235,0.875,0.7,0.875,0.7,0.875,0.7,0.8722
573,27,63,8,4,0.8824,0.8873,0.871,0.913,0.871,0.8873,0.8182,0.9414
574,28,64,4,6,0.902,0.9412,0.8235,0.9275,0.8235,0.9412,0.8485,0.9827
575,16,66,10,10,0.8039,0.8684,0.6154,0.8684,0.6154,0.8684,0.6154,0.8168
576,12,64,18,8,0.7451,0.7805,0.6,0.8312,0.6,0.7805,0.48,0.8104
577,15,62,12,13,0.7549,0.8378,0.5357,0.8322,0.5357,0.8378,0.5455,0.7437
578,20,63,12,7,0.8137,0.84,0.7407,0.869,0.7407,0.84,0.678,0.8775
579,19,65,11,7,0.8235,0.8553,0.7308,0.8784,0.7308,0.8553,0.6786,0.8224
580,21,58,12,11,0.7745,0.8286,0.6562,0.8345,0.6562,0.8286,0.6462,0.8652
581,17,69,9,7,0.8431,0.8846,0.7083,0.8961,0.7083,0.8846,0.68,0.8638
582,15,64,14,9,0.7745,0.8205,0.625,0.8477,0.625,0.8205,0.566,0.7874
583,18,64,12,8,0.8039,0.8421,0.6923,0.8649,0.6923,0.8421,0.6429,0.7915
584,15,68,12,7,0.8137,0.85,0.6818,0.8774,0.6818,0.85,0.6122,0.8563
585,27,59,6,10,0.8431,0.9077,0.7297,0.8806,0.7297,0.9077,0.7714,0.906
586,16,65,10,11,0.7941,0.8667,0.5926,0.8609,0.5926,0.8667,0.6038,0.8286
587,21,60,13,8,0.7941,0.8219,0.7241,0.8511,0.7241,0.8219,0.6667,0.8592
588,22,67,8,5,0.8725,0.8933,0.8148,0.9116,0.8148,0.8933,0.7719,0.8859
589,23,68,7,4,0.8922,0.9067,0.8519,0.9252,0.8519,0.9067,0.807,0.961
590,24,63,8,7,0.8529,0.8873,0.7742,0.8936,0.7742,0.8873,0.7619,0.9019
591,22,65,11,4,0.8529,0.8553,0.8462,0.8966,0.8462,0.8553,0.7458,0.8679
592,24,62,10,6,0.8431,0.8611,0.8,0.8857,0.8,0.8611,0.75,0.9037
593,18,62,12,10,0.7843,0.8378,0.6429,0.8493,0.6429,0.8378,0.6207,0.8518
594,26,58,11,7,0.8235,0.8406,0.7879,0.8657,0.7879,0.8406,0.7429,0.8863
595,18,65,8,11,0.8137,0.8904,0.6207,0.8725,0.6207,0.8904,0.6545,0.8607
596,17,67,11,7,0.8235,0.859,0.7083,0.8816,0.7083,0.859,0.6538,0.8675
597,21,63,12,6,0.8235,0.84,0.7778,0.875,0.7778,0.84,0.7,0.8602
598,18,70,6,8,0.8627,0.9211,0.6923,0.9091,0.6923,0.9211,0.72,0.8563
599,22,68,6,6,0.8824,0.9189,0.7857,0.9189,0.7857,0.9189,0.7857,0.8707
600,19,68,6,9,0.8529,0.9189,0.6786,0.9007,0.6786,0.9189,0.717,0.8398
601,17,74,9,2,0.8922,0.8916,0.8947,0.9308,0.8947,0.8916,0.7556,0.9417
602,30,57,6,9,0.8529,0.9048,0.7692,0.8837,0.7692,0.9048,0.8,0.8816
603,16,61,15,10,0.7549,0.8026,0.6154,0.8299,0.6154,0.8026,0.5614,0.746
604,25,58,10,9,0.8137,0.8529,0.7353,0.8593,0.7353,0.8529,0.7246,0.8253
605,26,58,8,10,0.8235,0.8788,0.7222,0.8657,0.7222,0.8788,0.7429,0.8859
606,23,66,9,4,0.8725,0.88,0.8519,0.9103,0.8519,0.88,0.7797,0.9481
607,14,65,15,8,0.7745,0.8125,0.6364,0.8497,0.6364,0.8125,0.549,0.8051
608,22,61,4,15,0.8137,0.9385,0.5946,0.8652,0.5946,0.9385,0.6984,0.82
609,22,65,9,6,0.8529,0.8784,0.7857,0.8966,0.7857,0.8784,0.7458,0.8673
610,12,69,8,13,0.7941,0.8961,0.48,0.8679,0.48,0.8961,0.5333,0.813
611,18,59,12,13,0.7549,0.831,0.5806,0.8252,0.5806,0.831,0.5902,0.8205
612,20,66,6,10,0.8431,0.9167,0.6667,0.8919,0.6667,0.9167,0.7143,0.8824
613,17,60,11,14,0.7549,0.8451,0.5484,0.8276,0.5484,0.8451,0.5763,0.8092
614,20,67,6,9,0.8529,0.9178,0.6897,0.8993,0.6897,0.9178,0.7273,0.9188
615,15,72,7,8,0.8529,0.9114,0.6522,0.9057,0.6522,0.9114,0.6667,0.8586
616,27,54,10,11,0.7941,0.8438,0.7105,0.8372,0.7105,0.8438,0.72,0.884
617,23,68,4,7,0.8922,0.9444,0.7667,0.9252,0.7667,0.9444,0.807,0.8528
618,15,70,5,12,0.8333,0.9333,0.5556,0.8917,0.5556,0.9333,0.6383,0.7812
619,25,63,6,8,0.8627,0.913,0.7576,0.9,0.7576,0.913,0.7812,0.9007
620,17,73,5,7,0.8824,0.9359,0.7083,0.9241,0.7083,0.9359,0.7391,0.8707
621,23,61,12,6,0.8235,0.8356,0.7931,0.8714,0.7931,0.8356,0.7188,0.8545
622,11,74,6,11,0.8333,0.925,0.5,0.897,0.5,0.925,0.5641,0.721
623,17,59,20,6,0.7451,0.7468,0.7391,0.8194,0.7391,0.7468,0.5667,0.8382
624,18,67,9,8,0.8333,0.8816,0.6923,0.8874,0.6923,0.8816,0.6792,0.8295
625,20,68,6,8,0.8627,0.9189,0.7143,0.9067,0.7143,0.9189,0.7407,0.9348
626,15,70,11,6,0.8333,0.8642,0.7143,0.8917,0.7143,0.8642,0.6383,0.9295
627,13,77,7,5,0.8824,0.9167,0.7222,0.9277,0.7222,0.9167,0.6842,0.9015
628,19,63,12,8,0.8039,0.84,0.7037,0.863,0.7037,0.84,0.6552,0.838
629,12,71,7,12,0.8137,0.9103,0.5,0.882,0.5,0.9103,0.5581,0.8296
630,18,64,9,11,0.8039,0.8767,0.6207,0.8649,0.6207,0.8767,0.6429,0.7374
631,28,52,14,8,0.7843,0.7879,0.7778,0.8254,0.7778,0.7879,0.7179,0.8207
632,18,65,12,7,0.8137,0.8442,0.72,0.8725,0.72,0.8442,0.6545,0.8701
633,20,58,16,8,0.7647,0.7838,0.7143,0.8286,0.7143,0.7838,0.625,0.8504
634,21,67,9,5,0.8627,0.8816,0.8077,0.9054,0.8077,0.8816,0.75,0.8983
635,20,67,8,7,0.8529,0.8933,0.7407,0.8993,0.7407,0.8933,0.7273,0.8958
636,14,70,12,6,0.8235,0.8537,0.7,0.8861,0.7,0.8537,0.6087,0.9165
637,14,75,8,5,0.8725,0.9036,0.7368,0.9202,0.7368,0.9036,0.6829,0.8681
638,19,69,6,8,0.8627,0.92,0.7037,0.9079,0.7037,0.92,0.7308,0.9333
639,16,74,6,6,0.8824,0.925,0.7273,0.925,0.7273,0.925,0.7273,0.9114
640,15,67,15,5,0.8039,0.8171,0.75,0.8701,0.75,0.8171,0.6,0.8463
641,12,74,9,7,0.8431,0.8916,0.6316,0.9024,0.6316,0.8916,0.6,0.8776
642,21,68,8,5,0.8725,0.8947,0.8077,0.9128,0.8077,0.8947,0.7636,0.9261
643,19,64,12,7,0.8137,0.8421,0.7308,0.8707,0.7308,0.8421,0.6667,0.8426
644,19,66,7,10,0.8333,0.9041,0.6552,0.8859,0.6552,0.9041,0.6909,0.8635
645,22,62,10,8,0.8235,0.8611,0.7333,0.8732,0.7333,0.8611,0.7097,0.8815
646,16,59,16,11,0.7353,0.7867,0.5926,0.8138,0.5926,0.7867,0.5424,0.8375
647,17,68,11,6,0.8333,0.8608,0.7391,0.8889,0.7391,0.8608,0.6667,0.8459
648,14,63,13,12,0.7549,0.8289,0.5385,0.8344,0.5385,0.8289,0.5283,0.7632
649,21,56,11,14,0.7549,0.8358,0.6,0.8175,0.6,0.8358,0.6269,0.7808
650,22,66,8,6,0.8627,0.8919,0.7857,0.9041,0.7857,0.8919,0.7586,0.9237
651,18,66,10,8,0.8235,0.8684,0.6923,0.88,0.6923,0.8684,0.6667,0.8613
652,28,52,11,11,0.7843,0.8254,0.7179,0.8254,0.7179,0.8254,0.7179,0.77
653,21,68,6,7,0.8725,0.9189,0.75,0.9128,0.75,0.9189,0.7636,0.8972
654,26,58,11,7,0.8235,0.8406,0.7879,0.8657,0.7879,0.8406,0.7429,0.9082
655,24,69,4,5,0.9118,0.9452,0.8276,0.9388,0.8276,0.9452,0.8421,0.9065
656,28,56,6,12,0.8235,0.9032,0.7,0.8615,0.7,0.9032,0.7568,0.8625
657,16,67,12,7,0.8137,0.8481,0.6957,0.8758,0.6957,0.8481,0.6275,0.8602
658,20,63,10,9,0.8137,0.863,0.6897,0.869,0.6897,0.863,0.678,0.88
659,22,62,11,7,0.8235,0.8493,0.7586,0.8732,0.7586,0.8493,0.7097,0.8144
660,19,65,11,7,0.8235,0.8553,0.7308,0.8784,0.7308,0.8553,0.6786,0.8907
661,22,66,6,8,0.8627,0.9167,0.7333,0.9041,0.7333,0.9167,0.7586,0.9407
662,15,74,5,8,0.8725,0.9367,0.6522,0.9193,0.6522,0.9367,0.6977,0.9285
663,15,70,9,8,0.8333,0.8861,0.6522,0.8917,0.6522,0.8861,0.6383,0.8855
664,21,70,7,4,0.8922,0.9091,0.84,0.9272,0.84,0.9091,0.7925,0.8743
665,17,66,14,5,0.8137,0.825,0.7727,0.8742,0.7727,0.825,0.6415,0.8972
666,23,64,11,4,0.8529,0.8533,0.8519,0.8951,0.8519,0.8533,0.7541,0.8602
667,14,69,9,10,0.8137,0.8846,0.5833,0.879,0.5833,0.8846,0.5957,0.8098
668,13,66,11,12,0.7745,0.8571,0.52,0.8516,0.52,0.8571,0.5306,0.7803
669,21,58,14,9,0.7745,0.8056,0.7,0.8345,0.7,0.8056,0.6462,0.8282
670,16,73,9,4,0.8725,0.8902,0.8,0.9182,0.8,0.8902,0.7111,0.8482
671,17,68,10,7,0.8333,0.8718,0.7083,0.8889,0.7083,0.8718,0.6667,0.9124
672,14,66,14,8,0.7843,0.825,0.6364,0.8571,0.6364,0.825,0.56,0.8006
673,19,62,10,11,0.7941,0.8611,0.6333,0.8552,0.6333,0.8611,0.6441,0.8579
674,13,71,9,9,0.8235,0.8875,0.5909,0.8875,0.5909,0.8875,0.5909,0.8614
675,13,68,10,11,0.7941,0.8718,0.5417,0.8662,0.5417,0.8718,0.5532,0.8429
676,15,71,9,7,0.8431,0.8875,0.6818,0.8987,0.6818,0.8875,0.6522,0.7824
677,17,67,9,9,0.8235,0.8816,0.6538,0.8816,0.6538,0.8816,0.6538,0.8173
678,14,66,11,11,0.7843,0.8571,0.56,0.8571,0.56,0.8571,0.56,0.747
679,15,71,12,4,0.8431,0.8554,0.7895,0.8987,0.7895,0.8554,0.6522,0.8738
680,13,65,15,9,0.7647,0.8125,0.5909,0.8442,0.5909,0.8125,0.52,0.7472
681,22,65,11,4,0.8529,0.8553,0.8462,0.8966,0.8462,0.8553,0.7458,0.9398
682,27,57,13,5,0.8235,0.8143,0.8438,0.8636,0.8438,0.8143,0.75,0.892
683,25,58,10,9,0.8137,0.8529,0.7353,0.8593,0.7353,0.8529,0.7246,0.9118
684,13,73,10,6,0.8431,0.8795,0.6842,0.9012,0.6842,0.8795,0.619,0.8523
685,22,66,8,6,0.8627,0.8919,0.7857,0.9041,0.7857,0.8919,0.7586,0.9373
686,22,64,8,8,0.8431,0.8889,0.7333,0.8889,0.7333,0.8889,0.7333,0.862
687,19,70,5,8,0.8725,0.9333,0.7037,0.915,0.7037,0.9333,0.7451,0.8923
688,16,67,7,12,0.8137,0.9054,0.5714,0.8758,0.5714,0.9054,0.6275,0.8282
689,13,73,8,8,0.8431,0.9012,0.619,0.9012,0.619,0.9012,0.619,0.8154
690,26,60,9,7,0.8431,0.8696,0.7879,0.8824,0.7879,0.8696,0.7647,0.8757
691,16,67,14,5,0.8137,0.8272,0.7619,0.8758,0.7619,0.8272,0.6275,0.8307
692,13,61,14,14,0.7255,0.8133,0.4815,0.8133,0.4815,0.8133,0.4815,0.7733
693,17,64,13,8,0.7941,0.8312,0.68,0.8591,0.68,0.8312,0.6182,0.746
694,16,63,14,9,0.7745,0.8182,0.64,0.8456,0.64,0.8182,0.5818,0.8249
695,19,61,17,5,0.7843,0.7821,0.7917,0.8472,0.7917,0.7821,0.6333,0.8787
696,23,59,14,6,0.8039,0.8082,0.7931,0.8551,0.7931,0.8082,0.697,0.8668
697,25,70,3,4,0.9314,0.9589,0.8621,0.9524,0.8621,0.9589,0.8772,0.9792
698,10,76,8,8,0.8431,0.9048,0.5556,0.9048,0.5556,0.9048,0.5556,0.8128
699,19,65,10,8,0.8235,0.8667,0.7037,0.8784,0.7037,0.8667,0.6786,0.8119
700,12,70,7,13,0.8039,0.9091,0.48,0.875,0.48,0.9091,0.5455,0.7725
701,13,64,10,15,0.7549,0.8649,0.4643,0.8366,0.4643,0.8649,0.5098,0.7698
702,19,64,7,12,0.8137,0.9014,0.6129,0.8707,0.6129,0.9014,0.6667,0.8269
703,20,69,4,9,0.8725,0.9452,0.6897,0.9139,0.6897,0.9452,0.7547,0.8309
704,21,59,13,9,0.7843,0.8194,0.7,0.8429,0.7,0.8194,0.6562,0.8634
705,25,62,5,10,0.8529,0.9254,0.7143,0.8921,0.7143,0.9254,0.7692,0.8375
706,21,63,9,9,0.8235,0.875,0.7,0.875,0.7,0.875,0.7,0.8523
707,23,61,10,8,0.8235,0.8592,0.7419,0.8714,0.7419,0.8592,0.7188,0.8546
708,16,73,8,5,0.8725,0.9012,0.7619,0.9182,0.7619,0.9012,0.7111,0.9159
709,19,66,13,4,0.8333,0.8354,0.8261,0.8859,0.8261,0.8354,0.6909,0.8971
710,22,61,12,7,0.8137,0.8356,0.7586,0.8652,0.7586,0.8356,0.6984,0.8795
711,14,67,14,7,0.7941,0.8272,0.6667,0.8645,0.6667,0.8272,0.5714,0.806
712,24,61,8,9,0.8333,0.8841,0.7273,0.8777,0.7273,0.8841,0.7385,0.8568
713,11,62,17,12,0.7157,0.7848,0.4783,0.8105,0.4783,0.7848,0.4314,0.7089
714,10,79,9,4,0.8725,0.8977,0.7143,0.924,0.7143,0.8977,0.6061,0.8896
715,25,55,15,7,0.7843,0.7857,0.7812,0.8333,0.7812,0.7857,0.6944,0.8286
716,12,79,7,4,0.8922,0.9186,0.75,0.9349,0.75,0.9186,0.6857,0.8983
717,18,67,6,11,0.8333,0.9178,0.6207,0.8874,0.6207,0.9178,0.6792,0.871
718,20,62,10,10,0.8039,0.8611,0.6667,0.8611,0.6667,0.8611,0.6667,0.8819
719,21,62,13,6,0.8137,0.8267,0.7778,0.8671,0.7778,0.8267,0.6885,0.8884
720,23,61,10,8,0.8235,0.8592,0.7419,0.8714,0.7419,0.8592,0.7188,0.8137
721,18,60,8,16,0.7647,0.8824,0.5294,0.8333,0.5294,0.8824,0.6,0.7478
722,13,70,12,7,0.8137,0.8537,0.65,0.8805,0.65,0.8537,0.5778,0.8787
723,17,67,10,8,0.8235,0.8701,0.68,0.8816,0.68,0.8701,0.6538,0.9351
724,16,61,15,10,0.7549,0.8026,0.6154,0.8299,0.6154,0.8026,0.5614,0.789
725,18,74,5,5,0.902,0.9367,0.7826,0.9367,0.7826,0.9367,0.7826,0.8866
726,17,67,10,8,0.8235,0.8701,0.68,0.8816,0.68,0.8701,0.6538,0.813
727,17,71,7,7,0.8627,0.9103,0.7083,0.9103,0.7083,0.9103,0.7083,0.8387
728,26,58,11,7,0.8235,0.8406,0.7879,0.8657,0.7879,0.8406,0.7429,0.8788
729,15,73,9,5,0.8627,0.8902,0.75,0.9125,0.75,0.8902,0.6818,0.8817
730,14,70,10,8,0.8235,0.875,0.6364,0.8861,0.6364,0.875,0.6087,0.8739
731,17,72,7,6,0.8725,0.9114,0.7391,0.9172,0.7391,0.9114,0.7234,0.9395
732,17,69,12,4,0.8431,0.8519,0.8095,0.8961,0.8095,0.8519,0.68,0.9248
733,18,67,11,6,0.8333,0.859,0.75,0.8874,0.75,0.859,0.6792,0.859
734,12,71,11,8,0.8137,0.8659,0.6,0.882,0.6,0.8659,0.5581,0.8384
735,13,69,18,2,0.8039,0.7931,0.8667,0.8734,0.8667,0.7931,0.5652,0.9356
736,19,63,14,6,0.8039,0.8182,0.76,0.863,0.76,0.8182,0.6552,0.8878
737,24,68,5,5,0.902,0.9315,0.8276,0.9315,0.8276,0.9315,0.8276,0.9221
738,20,68,4,10,0.8627,0.9444,0.6667,0.9067,0.6667,0.9444,0.7407,0.8796
739,18,59,15,10,0.7549,0.7973,0.6429,0.8252,0.6429,0.7973,0.5902,0.8861
740,17,69,4,12,0.8431,0.9452,0.5862,0.8961,0.5862,0.9452,0.68,0.8573
741,24,58,10,10,0.8039,0.8529,0.7059,0.8529,0.7059,0.8529,0.7059,0.8218
742,18,69,7,8,0.8529,0.9079,0.6923,0.902,0.6923,0.9079,0.7059,0.8269
743,15,64,17,6,0.7745,0.7901,0.7143,0.8477,0.7143,0.7901,0.566,0.8125
744,11,68,17,6,0.7745,0.8,0.6471,0.8553,0.6471,0.8,0.4889,0.8325
745,19,62,9,12,0.7941,0.8732,0.6129,0.8552,0.6129,0.8732,0.6441,0.7978
746,17,68,10,7,0.8333,0.8718,0.7083,0.8889,0.7083,0.8718,0.6667,0.9028
747,22,67,7,6,0.8725,0.9054,0.7857,0.9116,0.7857,0.9054,0.7719,0.8793
748,24,53,13,12,0.7549,0.803,0.6667,0.8092,0.6667,0.803,0.6575,0.8215
749,22,62,13,5,0.8235,0.8267,0.8148,0.8732,0.8148,0.8267,0.7097,0.9146
750,21,69,6,6,0.8824,0.92,0.7778,0.92,0.7778,0.92,0.7778,0.8736
751,21,68,6,7,0.8725,0.9189,0.75,0.9128,0.75,0.9189,0.7636,0.9073
752,20,57,15,10,0.7549,0.7917,0.6667,0.8201,0.6667,0.7917,0.6154,0.8264
753,18,64,11,9,0.8039,0.8533,0.6667,0.8649,0.6667,0.8533,0.6429,0.8064
754,25,64,6,7,0.8725,0.9143,0.7812,0.9078,0.7812,0.9143,0.7937,0.8964
755,17,66,9,10,0.8137,0.88,0.6296,0.8742,0.6296,0.88,0.6415,0.8528
756,17,65,8,12,0.8039,0.8904,0.5862,0.8667,0.5862,0.8904,0.6296,0.8588
757,20,64,10,8,0.8235,0.8649,0.7143,0.8767,0.7143,0.8649,0.6897,0.8176
758,22,70,6,4,0.902,0.9211,0.8462,0.9333,0.8462,0.9211,0.8148,0.9291
759,15,66,14,7,0.7941,0.825,0.6818,0.8627,0.6818,0.825,0.5882,0.8761
760,28,57,9,8,0.8333,0.8636,0.7778,0.8702,0.7778,0.8636,0.7671,0.8918
761,25,62,9,6,0.8529,0.8732,0.8065,0.8921,0.8065,0.8732,0.7692,0.9169
762,23,58,13,8,0.7941,0.8169,0.7419,0.8467,0.7419,0.8169,0.6866,0.8569
763,17,61,14,10,0.7647,0.8133,0.6296,0.8356,0.6296,0.8133,0.5862,0.7936
764,21,59,14,8,0.7843,0.8082,0.7241,0.8429,0.7241,0.8082,0.6562,0.8465
765,15,75,6,6,0.8824,0.9259,0.7143,0.9259,0.7143,0.9259,0.7143,0.8595
766,19,57,15,11,0.7451,0.7917,0.6333,0.8143,0.6333,0.7917,0.5938,0.8273
767,23,66,9,4,0.8725,0.88,0.8519,0.9103,0.8519,0.88,0.7797,0.9343
768,15,67,13,7,0.8039,0.8375,0.6818,0.8701,0.6818,0.8375,0.6,0.8807
769,17,72,8,5,0.8725,0.9,0.7727,0.9172,0.7727,0.9,0.7234,0.8892
770,18,68,12,4,0.8431,0.85,0.8182,0.8947,0.8182,0.85,0.6923,0.8949
771,22,68,7,5,0.8824,0.9067,0.8148,0.9189,0.8148,0.9067,0.7857,0.9067
772,19,62,12,9,0.7941,0.8378,0.6786,0.8552,0.6786,0.8378,0.6441,0.8422
773,15,63,14,10,0.7647,0.8182,0.6,0.84,0.6,0.8182,0.5556,0.7803
774,20,58,15,9,0.7647,0.7945,0.6897,0.8286,0.6897,0.7945,0.625,0.8096
775,20,63,9,10,0.8137,0.875,0.6667,0.869,0.6667,0.875,0.678,0.8847
776,19,63,10,10,0.8039,0.863,0.6552,0.863,0.6552,0.863,0.6552,0.8087
777,23,65,9,5,0.8627,0.8784,0.8214,0.9028,0.8214,0.8784,0.7667,0.918
778,22,62,12,6,0.8235,0.8378,0.7857,0.8732,0.7857,0.8378,0.7097,0.8798
779,22,63,8,9,0.8333,0.8873,0.7097,0.8811,0.7097,0.8873,0.7213,0.8433
780,22,67,6,7,0.8725,0.9178,0.7586,0.9116,0.7586,0.9178,0.7719,0.897
781,14,69,11,8,0.8137,0.8625,0.6364,0.879,0.6364,0.8625,0.5957,0.8301
782,27,60,10,5,0.8529,0.8571,0.8438,0.8889,0.8438,0.8571,0.7826,0.8969
783,28,58,6,10,0.8431,0.9062,0.7368,0.8788,0.7368,0.9062,0.7778,0.9379
784,23,61,10,8,0.8235,0.8592,0.7419,0.8714,0.7419,0.8592,0.7188,0.8323
785,16,69,8,9,0.8333,0.8961,0.64,0.8903,0.64,0.8961,0.6531,0.8338
786,18,68,8,8,0.8431,0.8947,0.6923,0.8947,0.6923,0.8947,0.6923,0.8451
787,22,54,18,8,0.7451,0.75,0.7333,0.806,0.7333,0.75,0.6286,0.8829
788,19,59,12,12,0.7647,0.831,0.6129,0.831,0.6129,0.831,0.6129,0.8419
789,19,65,13,5,0.8235,0.8333,0.7917,0.8784,0.7917,0.8333,0.6786,0.9033
790,21,63,9,9,0.8235,0.875,0.7,0.875,0.7,0.875,0.7,0.8125
791,17,71,8,6,0.8627,0.8987,0.7391,0.9103,0.7391,0.8987,0.7083,0.9004
792,22,64,10,6,0.8431,0.8649,0.7857,0.8889,0.7857,0.8649,0.7333,0.862
793,21,66,7,8,0.8529,0.9041,0.7241,0.898,0.7241,0.9041,0.7368,0.8852
794,24,63,9,6,0.8529,0.875,0.8,0.8936,0.8,0.875,0.7619,0.8625
795,18,66,14,4,0.8235,0.825,0.8182,0.88,0.8182,0.825,0.6667,0.8869
796,15,65,9,13,0.7843,0.8784,0.5357,0.8553,0.5357,0.8784,0.5769,0.7736
797,14,67,12,9,0.7941,0.8481,0.6087,0.8645,0.6087,0.8481,0.5714,0.852
798,17,68,11,6,0.8333,0.8608,0.7391,0.8889,0.7391,0.8608,0.6667,0.858
799,15,71,7,9,0.8431,0.9103,0.625,0.8987,0.625,0.9103,0.6522,0.813
800,23,62,10,7,0.8333,0.8611,0.7667,0.8794,0.7667,0.8611,0.7302,0.8481
801,16,67,9,10,0.8137,0.8816,0.6154,0.8758,0.6154,0.8816,0.6275,0.8259
802,14,71,9,8,0.8333,0.8875,0.6364,0.8931,0.6364,0.8875,0.6222,0.8597
803,18,65,13,6,0.8137,0.8333,0.75,0.8725,0.75,0.8333,0.6545,0.8531
804,24,59,8,11,0.8137,0.8806,0.6857,0.8613,0.6857,0.8806,0.7164,0.8635
805,16,74,8,4,0.8824,0.9024,0.8,0.925,0.8,0.9024,0.7273,0.8939
806,19,64,11,8,0.8137,0.8533,0.7037,0.8707,0.7037,0.8533,0.6667,0.8632
807,18,60,12,12,0.7647,0.8333,0.6,0.8333,0.6,0.8333,0.6,0.8102
808,17,73,6,6,0.8824,0.9241,0.7391,0.9241,0.7391,0.9241,0.7391,0.896
809,15,72,9,6,0.8529,0.8889,0.7143,0.9057,0.7143,0.8889,0.6667,0.9036
810,24,62,10,6,0.8431,0.8611,0.8,0.8857,0.8,0.8611,0.75,0.9292
811,28,55,12,7,0.8137,0.8209,0.8,0.8527,0.8,0.8209,0.7467,0.9122
812,15,66,13,8,0.7941,0.8354,0.6522,0.8627,0.6522,0.8354,0.5882,0.8019
813,22,66,10,4,0.8627,0.8684,0.8462,0.9041,0.8462,0.8684,0.7586,0.9246
814,16,73,9,4,0.8725,0.8902,0.8,0.9182,0.8,0.8902,0.7111,0.8988
815,22,65,12,3,0.8529,0.8442,0.88,0.8966,0.88,0.8442,0.7458,0.9132
816,13,73,10,6,0.8431,0.8795,0.6842,0.9012,0.6842,0.8795,0.619,0.8465
817,14,71,8,9,0.8333,0.8987,0.6087,0.8931,0.6087,0.8987,0.6222,0.7975
818,22,62,14,4,0.8235,0.8158,0.8462,0.8732,0.8462,0.8158,0.7097,0.9094
819,27,61,6,8,0.8627,0.9104,0.7714,0.8971,0.7714,0.9104,0.7941,0.8674
820,27,59,10,6,0.8431,0.8551,0.8182,0.8806,0.8182,0.8551,0.7714,0.8841
821,16,68,11,7,0.8235,0.8608,0.6957,0.8831,0.6957,0.8608,0.64,0.863
822,21,68,6,7,0.8725,0.9189,0.75,0.9128,0.75,0.9189,0.7636,0.959
823,18,68,9,7,0.8431,0.8831,0.72,0.8947,0.72,0.8831,0.6923,0.8447
824,16,63,14,9,0.7745,0.8182,0.64,0.8456,0.64,0.8182,0.5818,0.7855
825,12,70,10,10,0.8039,0.875,0.5455,0.875,0.5455,0.875,0.5455,0.8114
826,23,66,5,8,0.8725,0.9296,0.7419,0.9103,0.7419,0.9296,0.7797,0.8864
827,21,59,12,10,0.7843,0.831,0.6774,0.8429,0.6774,0.831,0.6562,0.8496
828,26,60,7,9,0.8431,0.8955,0.7429,0.8824,0.7429,0.8955,0.7647,0.8866
829,22,62,9,9,0.8235,0.8732,0.7097,0.8732,0.7097,0.8732,0.7097,0.8682
830,19,63,12,8,0.8039,0.84,0.7037,0.863,0.7037,0.84,0.6552,0.8252
831,15,64,16,7,0.7745,0.8,0.6818,0.8477,0.6818,0.8,0.566,0.8182
832,21,65,11,5,0.8431,0.8553,0.8077,0.8904,0.8077,0.8553,0.7241,0.8912
833,10,77,8,7,0.8529,0.9059,0.5882,0.9112,0.5882,0.9059,0.5714,0.8215
834,26,55,8,13,0.7941,0.873,0.6667,0.8397,0.6667,0.873,0.7123,0.8848
835,14,77,5,6,0.8922,0.939,0.7,0.9333,0.7,0.939,0.7179,0.8902
836,29,61,6,6,0.8824,0.9104,0.8286,0.9104,0.8286,0.9104,0.8286,0.9318
837,19,68,6,9,0.8529,0.9189,0.6786,0.9007,0.6786,0.9189,0.717,0.8137
838,20,67,8,7,0.8529,0.8933,0.7407,0.8993,0.7407,0.8933,0.7273,0.837
839,16,68,9,9,0.8235,0.8831,0.64,0.8831,0.64,0.8831,0.64,0.7694
840,20,65,8,9,0.8333,0.8904,0.6897,0.8844,0.6897,0.8904,0.7018,0.8271
841,27,57,13,5,0.8235,0.8143,0.8438,0.8636,0.8438,0.8143,0.75,0.9272
842,24,63,9,6,0.8529,0.875,0.8,0.8936,0.8,0.875,0.7619,0.937
843,16,65,14,7,0.7941,0.8228,0.6957,0.8609,0.6957,0.8228,0.6038,0.8624
844,21,65,4,12,0.8431,0.942,0.6364,0.8904,0.6364,0.942,0.7241,0.7901
845,17,65,14,6,0.8039,0.8228,0.7391,0.8667,0.7391,0.8228,0.6296,0.8927
846,13,64,15,10,0.7549,0.8101,0.5652,0.8366,0.5652,0.8101,0.5098,0.7848
847,27,60,10,5,0.8529,0.8571,0.8438,0.8889,0.8438,0.8571,0.7826,0.9379
848,23,66,6,7,0.8725,0.9167,0.7667,0.9103,0.7667,0.9167,0.7797,0.9218
849,16,69,13,4,0.8333,0.8415,0.8,0.8903,0.8,0.8415,0.6531,0.8902
850,17,59,12,14,0.7451,0.831,0.5484,0.8194,0.5484,0.831,0.5667,0.8233
851,25,61,6,10,0.8431,0.9104,0.7143,0.8841,0.7143,0.9104,0.7576,0.881
852,15,72,8,7,0.8529,0.9,0.6818,0.9057,0.6818,0.9,0.6667,0.879
853,24,58,15,5,0.8039,0.7945,0.8276,0.8529,0.8276,0.7945,0.7059,0.8701
854,17,62,15,8,0.7745,0.8052,0.68,0.8435,0.68,0.8052,0.5965,0.7932
855,25,63,5,9,0.8627,0.9265,0.7353,0.9,0.7353,0.9265,0.7812,0.872
856,18,69,10,5,0.8529,0.8734,0.7826,0.902,0.7826,0.8734,0.7059,0.9461
857,20,63,14,5,0.8137,0.8182,0.8,0.869,0.8,0.8182,0.678,0.8831
858,18,66,7,11,0.8235,0.9041,0.6207,0.88,0.6207,0.9041,0.6667,0.8715
859,24,58,12,8,0.8039,0.8286,0.75,0.8529,0.75,0.8286,0.7059,0.846
860,24,55,15,8,0.7745,0.7857,0.75,0.8271,0.75,0.7857,0.6761,0.8844
861,18,74,5,5,0.902,0.9367,0.7826,0.9367,0.7826,0.9367,0.7826,0.934
862,11,70,11,10,0.7941,0.8642,0.5238,0.8696,0.5238,0.8642,0.5116,0.8048
863,22,65,6,9,0.8529,0.9155,0.7097,0.8966,0.7097,0.9155,0.7458,0.8882
864,20,66,8,8,0.8431,0.8919,0.7143,0.8919,0.7143,0.8919,0.7143,0.9073
865,23,71,5,3,0.9216,0.9342,0.8846,0.9467,0.8846,0.9342,0.8519,0.9524
866,23,58,7,14,0.7941,0.8923,0.6216,0.8467,0.6216,0.8923,0.6866,0.869
867,19,67,9,7,0.8431,0.8816,0.7308,0.8933,0.7308,0.8816,0.7037,0.8214
868,23,59,9,11,0.8039,0.8676,0.6765,0.8551,0.6765,0.8676,0.697,0.8715
869,15,66,13,8,0.7941,0.8354,0.6522,0.8627,0.6522,0.8354,0.5882,0.7986
870,24,66,6,6,0.8824,0.9167,0.8,0.9167,0.8,0.9167,0.8,0.9065
871,16,68,11,7,0.8235,0.8608,0.6957,0.8831,0.6957,0.8608,0.64,0.7925
872,19,69,8,6,0.8627,0.8961,0.76,0.9079,0.76,0.8961,0.7308,0.9226
873,19,67,9,7,0.8431,0.8816,0.7308,0.8933,0.7308,0.8816,0.7037,0.8993
874,18,68,12,4,0.8431,0.85,0.8182,0.8947,0.8182,0.85,0.6923,0.8938
875,23,66,7,6,0.8725,0.9041,0.7931,0.9103,0.7931,0.9041,0.7797,0.8786
876,13,66,14,9,0.7745,0.825,0.5909,0.8516,0.5909,0.825,0.5306,0.8335
877,15,68,15,4,0.8137,0.8193,0.7895,0.8774,0.7895,0.8193,0.6122,0.8567
878,14,71,8,9,0.8333,0.8987,0.6087,0.8931,0.6087,0.8987,0.6222,0.8866
879,16,69,10,7,0.8333,0.8734,0.6957,0.8903,0.6957,0.8734,0.6531,0.9009
880,26,57,13,6,0.8137,0.8143,0.8125,0.8571,0.8125,0.8143,0.7324,0.8893
881,24,59,10,9,0.8137,0.8551,0.7273,0.8613,0.7273,0.8551,0.7164,0.8718
882,24,65,6,7,0.8725,0.9155,0.7742,0.9091,0.7742,0.9155,0.7869,0.8501
883,19,65,12,6,0.8235,0.8442,0.76,0.8784,0.76,0.8442,0.6786,0.8618
884,18,64,8,12,0.8039,0.8889,0.6,0.8649,0.6,0.8889,0.6429,0.7977
885,22,66,8,6,0.8627,0.8919,0.7857,0.9041,0.7857,0.8919,0.7586,0.8697
886,13,71,9,9,0.8235,0.8875,0.5909,0.8875,0.5909,0.8875,0.5909,0.7341
887,10,68,16,8,0.7647,0.8095,0.5556,0.85,0.5556,0.8095,0.4545,0.8049
888,14,72,8,8,0.8431,0.9,0.6364,0.9,0.6364,0.9,0.6364,0.7801
889,24,60,12,6,0.8235,0.8333,0.8,0.8696,0.8,0.8333,0.7273,0.8889
890,15,71,3,13,0.8431,0.9595,0.5357,0.8987,0.5357,0.9595,0.6522,0.8581
891,20,59,10,13,0.7745,0.8551,0.6061,0.8369,0.6061,0.8551,0.6349,0.7905
892,21,66,7,8,0.8529,0.9041,0.7241,0.898,0.7241,0.9041,0.7368,0.8451
893,25,68,8,1,0.9118,0.8947,0.9615,0.9379,0.9615,0.8947,0.8475,0.9823
894,15,63,15,9,0.7647,0.8077,0.625,0.84,0.625,0.8077,0.5556,0.8243
895,17,68,7,10,0.8333,0.9067,0.6296,0.8889,0.6296,0.9067,0.6667,0.8548
896,23,65,8,6,0.8627,0.8904,0.7931,0.9028,0.7931,0.8904,0.7667,0.8814
897,26,54,11,11,0.7843,0.8308,0.7027,0.8308,0.7027,0.8308,0.7027,0.8
898,23,61,9,9,0.8235,0.8714,0.7188,0.8714,0.7188,0.8714,0.7188,0.85
899,18,63,11,10,0.7941,0.8514,0.6429,0.8571,0.6429,0.8514,0.6316,0.8041
900,13,69,9,11,0.8039,0.8846,0.5417,0.8734,0.5417,0.8846,0.5652,0.7965
901,15,66,14,7,0.7941,0.825,0.6818,0.8627,0.6818,0.825,0.5882,0.8028
902,19,66,7,10,0.8333,0.9041,0.6552,0.8859,0.6552,0.9041,0.6909,0.8092
903,23,64,6,9,0.8529,0.9143,0.7188,0.8951,0.7188,0.9143,0.7541,0.8737
904,19,65,10,8,0.8235,0.8667,0.7037,0.8784,0.7037,0.8667,0.6786,0.8341
905,17,66,10,9,0.8137,0.8684,0.6538,0.8742,0.6538,0.8684,0.6415,0.8856
906,15,75,7,5,0.8824,0.9146,0.75,0.9259,0.75,0.9146,0.7143,0.8512
907,23,62,8,9,0.8333,0.8857,0.7188,0.8794,0.7188,0.8857,0.7302,0.8808
908,17,63,16,6,0.7843,0.7975,0.7391,0.8514,0.7391,0.7975,0.6071,0.8916
909,30,60,5,7,0.8824,0.9231,0.8108,0.9091,0.8108,0.9231,0.8333,0.938
910,14,73,9,6,0.8529,0.8902,0.7,0.9068,0.7,0.8902,0.6512,0.8567
911,23,63,9,7,0.8431,0.875,0.7667,0.8873,0.7667,0.875,0.7419,0.8921
912,18,60,11,13,0.7647,0.8451,0.5806,0.8333,0.5806,0.8451,0.6,0.786
913,21,60,15,6,0.7941,0.8,0.7778,0.8511,0.7778,0.8,0.6667,0.8365
914,23,68,5,6,0.8922,0.9315,0.7931,0.9252,0.7931,0.9315,0.807,0.94
915,16,64,16,6,0.7843,0.8,0.7273,0.8533,0.7273,0.8,0.5926,0.8756
916,17,70,11,4,0.8529,0.8642,0.8095,0.9032,0.8095,0.8642,0.6939,0.8812
917,15,70,11,6,0.8333,0.8642,0.7143,0.8917,0.7143,0.8642,0.6383,0.8854
918,15,71,11,5,0.8431,0.8659,0.75,0.8987,0.75,0.8659,0.6522,0.8683
919,24,60,12,6,0.8235,0.8333,0.8,0.8696,0.8,0.8333,0.7273,0.8713
920,16,67,14,5,0.8137,0.8272,0.7619,0.8758,0.7619,0.8272,0.6275,0.9159
921,24,63,7,8,0.8529,0.9,0.75,0.8936,0.75,0.9,0.7619,0.9085
922,20,64,8,10,0.8235,0.8889,0.6667,0.8767,0.6667,0.8889,0.6897,0.8148
923,19,69,10,4,0.8627,0.8734,0.8261,0.9079,0.8261,0.8734,0.7308,0.9323
924,19,64,7,12,0.8137,0.9014,0.6129,0.8707,0.6129,0.9014,0.6667,0.8178
925,24,60,10,8,0.8235,0.8571,0.75,0.8696,0.75,0.8571,0.7273,0.8616
926,15,69,13,5,0.8235,0.8415,0.75,0.8846,0.75,0.8415,0.625,0.8982
927,24,63,8,7,0.8529,0.8873,0.7742,0.8936,0.7742,0.8873,0.7619,0.8946
928,26,66,7,3,0.902,0.9041,0.8966,0.9296,0.8966,0.9041,0.8387,0.9376
929,24,62,6,10,0.8431,0.9118,0.7059,0.8857,0.7059,0.9118,0.75,0.8979
930,23,64,7,8,0.8529,0.9014,0.7419,0.8951,0.7419,0.9014,0.7541,0.856
931,18,67,6,11,0.8333,0.9178,0.6207,0.8874,0.6207,0.9178,0.6792,0.8493
932,22,59,9,12,0.7941,0.8676,0.6471,0.8489,0.6471,0.8676,0.6769,0.7794
933,26,63,4,9,0.8725,0.9403,0.7429,0.9065,0.7429,0.9403,0.8,0.9186
934,18,64,11,9,0.8039,0.8533,0.6667,0.8649,0.6667,0.8533,0.6429,0.8272
935,16,70,10,6,0.8431,0.875,0.7273,0.8974,0.7273,0.875,0.6667,0.8449
936,20,64,9,9,0.8235,0.8767,0.6897,0.8767,0.6897,0.8767,0.6897,0.7903
937,12,65,15,10,0.7549,0.8125,0.5455,0.8387,0.5455,0.8125,0.4898,0.7778
938,19,62,11,10,0.7941,0.8493,0.6552,0.8552,0.6552,0.8493,0.6441,0.8512
939,23,62,10,7,0.8333,0.8611,0.7667,0.8794,0.7667,0.8611,0.7302,0.8366
940,16,72,7,7,0.8627,0.9114,0.6957,0.9114,0.6957,0.9114,0.6957,0.8635
941,20,67,9,6,0.8529,0.8816,0.7692,0.8993,0.7692,0.8816,0.7273,0.9104
942,19,67,10,6,0.8431,0.8701,0.76,0.8933,0.76,0.8701,0.7037,0.8395
943,19,68,13,2,0.8529,0.8395,0.9048,0.9007,0.9048,0.8395,0.717,0.9148
944,22,64,9,7,0.8431,0.8767,0.7586,0.8889,0.7586,0.8767,0.7333,0.8314
945,21,63,9,9,0.8235,0.875,0.7,0.875,0.7,0.875,0.7,0.9014
946,16,60,14,12,0.7451,0.8108,0.5714,0.8219,0.5714,0.8108,0.5517,0.75
947,13,67,9,13,0.7843,0.8816,0.5,0.859,0.5,0.8816,0.5417,0.791
948,23,63,8,8,0.8431,0.8873,0.7419,0.8873,0.7419,0.8873,0.7419,0.8074
949,23,55,14,10,0.7647,0.7971,0.697,0.8209,0.697,0.7971,0.6571,0.8814
950,21,64,10,7,0.8333,0.8649,0.75,0.8828,0.75,0.8649,0.7119,0.8822
951,23,58,9,12,0.7941,0.8657,0.6571,0.8467,0.6571,0.8657,0.6866,0.8051
952,17,66,10,9,0.8137,0.8684,0.6538,0.8742,0.6538,0.8684,0.6415,0.8608
953,27,59,13,3,0.8431,0.8194,0.9,0.8806,0.9,0.8194,0.7714,0.9343
954,22,56,14,10,0.7647,0.8,0.6875,0.8235,0.6875,0.8,0.6471,0.8844
955,22,65,5,10,0.8529,0.9286,0.6875,0.8966,0.6875,0.9286,0.7458,0.8415
956,15,70,10,7,0.8333,0.875,0.6818,0.8917,0.6818,0.875,0.6383,0.8932
957,15,69,11,7,0.8235,0.8625,0.6818,0.8846,0.6818,0.8625,0.625,0.7892
958,18,63,11,10,0.7941,0.8514,0.6429,0.8571,0.6429,0.8514,0.6316,0.846
959,21,63,11,7,0.8235,0.8514,0.75,0.875,0.75,0.8514,0.7,0.902
960,12,72,7,11,0.8235,0.9114,0.5217,0.8889,0.5217,0.9114,0.5714,0.8338
961,18,62,11,11,0.7843,0.8493,0.6207,0.8493,0.6207,0.8493,0.6207,0.7789
962,22,61,13,6,0.8137,0.8243,0.7857,0.8652,0.7857,0.8243,0.6984,0.9078
963,16,71,5,10,0.8529,0.9342,0.6154,0.9045,0.6154,0.9342,0.6809,0.8623
964,24,63,7,8,0.8529,0.9,0.75,0.8936,0.75,0.9,0.7619,0.9058
965,23,63,7,9,0.8431,0.9,0.7188,0.8873,0.7188,0.9,0.7419,0.8321
966,18,71,9,4,0.8725,0.8875,0.8182,0.9161,0.8182,0.8875,0.7347,0.9358
967,12,63,19,8,0.7353,0.7683,0.6,0.8235,0.6,0.7683,0.4706,0.8341
968,17,65,11,9,0.8039,0.8553,0.6538,0.8667,0.6538,0.8553,0.6296,0.8107
969,16,60,13,13,0.7451,0.8219,0.5517,0.8219,0.5517,0.8219,0.5517,0.838
970,22,70,4,6,0.902,0.9459,0.7857,0.9333,0.7857,0.9459,0.8148,0.9189
971,18,71,9,4,0.8725,0.8875,0.8182,0.9161,0.8182,0.8875,0.7347,0.9489
972,24,57,12,9,0.7941,0.8261,0.7273,0.8444,0.7273,0.8261,0.6957,0.8199
973,17,65,6,14,0.8039,0.9155,0.5484,0.8667,0.5484,0.9155,0.6296,0.8801
974,13,69,10,10,0.8039,0.8734,0.5652,0.8734,0.5652,0.8734,0.5652,0.8277
975,17,71,7,7,0.8627,0.9103,0.7083,0.9103,0.7083,0.9103,0.7083,0.8371
976,14,70,8,10,0.8235,0.8974,0.5833,0.8861,0.5833,0.8974,0.6087,0.7388
977,22,65,10,5,0.8529,0.8667,0.8148,0.8966,0.8148,0.8667,0.7458,0.9269
978,18,65,12,7,0.8137,0.8442,0.72,0.8725,0.72,0.8442,0.6545,0.8457
979,16,68,11,7,0.8235,0.8608,0.6957,0.8831,0.6957,0.8608,0.64,0.9086
980,14,71,9,8,0.8333,0.8875,0.6364,0.8931,0.6364,0.8875,0.6222,0.8943
981,14,69,12,7,0.8137,0.8519,0.6667,0.879,0.6667,0.8519,0.5957,0.7825
982,21,67,6,8,0.8627,0.9178,0.7241,0.9054,0.7241,0.9178,0.75,0.812
983,16,65,10,11,0.7941,0.8667,0.5926,0.8609,0.5926,0.8667,0.6038,0.758
984,21,61,10,10,0.8039,0.8592,0.6774,0.8592,0.6774,0.8592,0.6774,0.8528
985,24,59,13,6,0.8137,0.8194,0.8,0.8613,0.8,0.8194,0.7164,0.9213
986,18,72,6,6,0.8824,0.9231,0.75,0.9231,0.75,0.9231,0.75,0.8841
987,20,68,7,7,0.8627,0.9067,0.7407,0.9067,0.7407,0.9067,0.7407,0.843
988,25,65,3,9,0.8824,0.9559,0.7353,0.9155,0.7353,0.9559,0.8065,0.9299
989,18,62,16,6,0.7843,0.7949,0.75,0.8493,0.75,0.7949,0.6207,0.9274
990,16,71,9,6,0.8529,0.8875,0.7273,0.9045,0.7273,0.8875,0.6809,0.9216
991,15,70,9,8,0.8333,0.8861,0.6522,0.8917,0.6522,0.8861,0.6383,0.8156
992,16,67,9,10,0.8137,0.8816,0.6154,0.8758,0.6154,0.8816,0.6275,0.8391
993,19,66,12,5,0.8333,0.8462,0.7917,0.8859,0.7917,0.8462,0.6909,0.9236
994,19,65,9,9,0.8235,0.8784,0.6786,0.8784,0.6786,0.8784,0.6786,0.8045
995,19,64,10,9,0.8137,0.8649,0.6786,0.8707,0.6786,0.8649,0.6667,0.8282
996,16,70,12,4,0.8431,0.8537,0.8,0.8974,0.8,0.8537,0.6667,0.8732
997,21,65,12,4,0.8431,0.8442,0.84,0.8904,0.84,0.8442,0.7241,0.9377
998,18,64,12,8,0.8039,0.8421,0.6923,0.8649,0.6923,0.8421,0.6429,0.874
999,16,66,10,10,0.8039,0.8684,0.6154,0.8684,0.6154,0.8684,0.6154,0.8107
1000,16,69,9,8,0.8333,0.8846,0.6667,0.8903,0.6667,0.8846,0.6531,0.8841
